# Version: v3.1.1.3 Platform: 16 Manufacturer: samsung Model: SM-M566B GNSS Hardware Model Name: S.LSI,K44,SPOTNAV_4.17.16_49_313014-rel
Raw,1790862035000
Nav,16,1537,1,13,1,1,5,89,-96,-89,-2,16,22,0,46,-54,6,-86,4,-17,55,127,114,28,-3,113,-54,-86,-86,-105,20,108,-62,-80
Raw,1790862035999
Raw,1790862036999
Nav,16,1537,1,13,3,3,5,127,-15,-113,-121,-12,-63,-87,-58,36,-62,-11,66,39,70,-80,63,-15,-84,-34,74,-86,-86,-103,120,-39,-30,-16
Nav,25,1537,1,13,3,3,5,63,-15,-101,-57,-22,-63,-95,69,-14,-125,10,-62,32,22,-80,0,0,0,0,10,-86,-86,-106,-112,98,82,-16
Raw,1790862037999
Raw,1790862038999
Nav,16,1537,1,13,5,5,32,-65,-104,34,-96,126,31,-96,11,12,-64,-52,-22,-86,-86,-94,-14,-111,13,-124,-86,-86,-86,-103,8,80,-48,64
Raw,1790862039999
Raw,1790862040999
Nav,16,1537,1,13,0,0,-107,85,85,85,85,85,85,85,85,85,85,86,25,-96,102,-109,78,71,-28,116,-54,-86,-86,-111,74,-54,-126,-80
Raw,1790862041999
Raw,1790862042999
Nav,16,1537,1,13,16,16,-34,-50,119,-19,-75,58,-105,57,90,-117,121,55,-2,-18,-52,14,1,-108,-32,0,10,-86,-86,-108,46,5,98,-16
Nav,25,1537,1,13,16,16,-16,-106,57,-67,-85,19,-105,91,26,79,-10,-36,0,102,-52,0,0,0,0,0,10,-86,-86,-105,-126,33,66,-16
Raw,1790862043999
Raw,1790862044999
Nav,16,1537,1,13,2,2,5,-91,-50,98,-67,-119,-49,59,64,101,-30,-79,-69,46,119,-39,45,118,74,10,-70,-86,-86,-106,-114,0,80,64
Nav,25,1537,1,13,2,2,5,37,-42,-61,62,73,-54,36,7,55,-11,-78,-128,110,-56,-48,0,0,0,0,10,-86,-86,-102,107,86,-64,64
Nav,3,1537,1,13,2,2,5,-112,109,98,-70,-55,-33,-78,4,74,-27,-26,25,97,98,25,34,-82,39,-87,-6,-86,-86,-98,97,-121,80,64
Raw,1790862045999
Raw,1790862046999
Nav,16,1537,1,13,4,4,5,-112,-1,-7,-1,-59,102,-85,-1,125,-91,-121,-1,-27,0,27,93,35,-10,-3,10,-86,-86,-104,84,19,-126,-80
Raw,1790862047999
Raw,1790862048999
Nav,16,1537,1,13,6,6,0,0,0,0,0,0,0,18,96,-122,-119,-30,76,35,56,-89,-42,-57,83,-14,106,-86,-86,-99,0,37,-30,-16
Raw,1790862049999
Raw,1790862050999
Nav,16,1537,1,13,7,7,26,-111,-120,1,32,86,64,-64,51,118,111,127,1,-25,85,87,-46,16,-5,0,58,-86,-86,-108,-101,61,16,64
Nav,3,1537,1,13,7,7,26,-111,-120,1,32,86,64,-64,51,118,111,127,1,-25,85,85,1,-112,-12,-18,-22,-86,-86,-107,65,80,96,64
Raw,1790862051999
Raw,1790862052999
Nav,16,1537,1,13,8,8,31,-10,-49,-1,-128,10,-86,-86,-86,-86,-86,-86,-86,-86,-86,-85,-36,122,-55,-63,10,-86,-86,-109,36,65,18,-80
Nav,3,1537,1,13,8,8,31,-10,-49,-1,-128,10,-86,-86,-86,-86,-86,-86,-86,-86,-86,-92,-106,-72,-96,-16,58,-86,-86,-102,37,58,114,-80
Nav,12,1537,1,13,8,8,31,-10,-49,-1,-128,10,-86,-86,-86,-86,-86,-86,-86,-86,-86,-93,79,-77,-42,-128,-54,-86,-86,-100,-100,103,-97,-48
Raw,1790862053999
Raw,1790862054999
Nav,16,1537,1,14,17,17,66,-87,50,110,-106,6,-89,-74,-40,9,99,-125,20,-92,-65,-6,84,-14,98,-114,10,-86,-86,-101,76,-63,-78,-16
Nav,12,1537,1,14,0,0,-107,85,85,85,85,85,85,85,85,85,85,86,25,-96,103,120,84,-7,-46,-72,26,-86,-86,-109,-52,-99,127,-48
Raw,1790862055999
Raw,1790862056999
Nav,16,1537,1,14,19,19,62,-66,-24,100,44,-21,-63,86,-71,62,71,-93,105,-93,-100,114,127,-66,-127,-112,-6,-86,-86,-103,-114,96,-112,64
Nav,12,1537,1,14,0,0,-107,85,85,85,85,85,85,85,85,85,85,86,25,-96,103,-103,-61,26,-110,16,-6,-86,-86,-99,98,-74,-49,-48
Raw,1790862057999
Raw,1790862058999
Nav,16,1537,1,14,16,16,-34,-50,-73,-17,-75,58,-105,57,90,-117,-58,-53,-2,-18,-53,-13,-15,60,40,-116,-86,-86,-86,-97,81,-73,34,-80
Nav,3,1537,1,14,16,16,9,37,80,31,-42,58,65,-75,72,-71,-124,-17,-1,99,16,8,107,19,32,84,-38,-86,-86,-98,-110,-93,-62,-80
Nav,12,1537,1,14,0,0,-107,85,85,85,85,85,85,85,85,85,85,86,25,-96,103,-65,-46,-69,35,97,-102,-86,-86,-107,-113,42,-113,-48
Nav,10,1537,1,14,16,16,47,26,-2,76,102,101,-20,-35,88,2,-18,-17,-14,111,120,2,78,52,18,109,26,-86,-86,-102,102,-122,-46,-80
Raw,1790862059999
Raw,1790862060999
Nav,16,1537,1,14,0,0,-107,85,85,85,85,85,85,85,85,85,85,86,25,-96,103,-42,122,-31,12,-13,122,-86,-86,-111,9,97,-126,-16
Nav,3,1537,1,14,0,0,-107,85,85,85,85,85,85,85,85,85,85,86,25,-96,103,-42,-40,-96,60,-2,-86,-86,-86,-103,-11,101,98,-16
Nav,12,1537,1,14,0,0,-107,85,85,85,85,85,85,85,85,85,85,86,25,-96,103,-45,-46,-64,-52,-13,10,-86,-86,-99,-19,-108,47,-48
Nav,10,1537,1,14,0,0,-107,85,85,85,85,85,85,85,85,85,85,86,25,-96,103,-37,98,16,-84,-41,58,-86,-86,-106,-22,-61,-30,-16
Raw,1790862061999
Raw,1790862062999
Nav,16,1537,1,14,0,0,-107,85,85,85,85,85,85,85,85,85,85,86,25,-96,103,-12,-109,-118,-17,78,-38,-86,-86,-101,10,-73,-128,64
Nav,3,1537,1,14,0,0,-107,85,85,85,85,85,85,85,85,85,85,86,25,-96,103,-4,91,-89,-116,26,-38,-86,-86,-99,13,-78,-128,64
Nav,12,1537,1,14,0,0,-107,85,85,85,85,85,85,85,85,85,85,86,25,-96,103,-16,-43,116,-45,69,122,-86,-86,-106,112,-1,-17,-48
Raw,1790862063999
Raw,1790862064999
Nav,16,1537,1,14,1,1,5,-103,-86,-85,1,-37,32,0,46,-55,-125,-86,4,-17,19,116,-46,0,-9,-122,-86,-86,-86,-103,26,82,-62,-80
Nav,3,1537,1,14,1,1,5,-103,-86,45,-44,81,-83,0,72,-16,13,-86,4,-21,28,62,-16,32,-9,-122,-86,-86,-86,-111,58,-113,-62,-80
Nav,12,1537,1,14,1,1,5,-103,-86,19,58,-87,-5,0,20,-79,70,-86,4,-25,63,-13,32,64,-9,-122,-86,-86,-86,-98,-56,79,-97,-48
Nav,10,1537,1,14,1,1,5,-103,-86,116,-108,24,-116,0,33,93,27,-86,4,-27,-90,127,-80,80,-9,-122,-86,-86,-86,-112,-23,-82,-14,-80
Raw,1790862065999
Raw,1790862066999
Nav,16,1537,1,14,3,3,5,-65,-15,-119,71,-2,-63,-83,6,36,2,-9,2,41,-106,-77,121,35,-53,11,74,-86,-86,-99,-24,91,-62,-16
Nav,3,1537,1,14,3,3,5,-65,-15,26,72,-90,63,15,68,77,5,69,-66,-30,-42,-66,57,35,-53,11,74,-86,-86,-104,120,60,82,-16
Nav,12,1537,1,14,3,3,5,-65,-16,7,-57,-88,-1,101,-65,-1,-53,64,127,99,118,-69,73,35,-53,11,74,-86,-86,-101,-56,-118,-17,-48
Nav,10,1537,1,14,3,3,5,-65,-16,33,71,122,63,-115,64,2,-53,63,63,107,-58,-79,-87,35,-53,11,74,-86,-86,-110,-78,63,-78,-16
Raw,1790862067999
Raw,1790862068999
Nav,16,1537,1,14,5,5,32,-65,-104,34,-96,126,31,-96,11,12,-64,-48,-86,-86,-86,-92,-101,61,-39,-88,26,-86,-86,-105,125,112,-16,64
Nav,3,1537,1,14,5,5,32,-65,-104,34,-96,0,64,24,11,12,-64,-48,-86,-86,-86,-93,107,61,-39,-88,26,-86,-86,-105,-22,-111,-112,64
Nav,12,1537,1,14,5,5,32,-65,-104,34,-96,121,-66,88,11,12,-64,-48,-86,-86,-86,-96,-37,61,-39,-88,26,-86,-86,-106,29,-60,-1,-48
Raw,1790862069999
Raw,1790862070999
Nav,16,1537,1,14,0,0,-107,85,85,85,85,85,85,85,85,85,85,86,25,-96,104,117,21,90,-18,-115,-38,-86,-86,-108,59,-34,-126,-80
Raw,1790862071999
Raw,1790862072999
Nav,16,1537,1,14,16,16,-34,-50,-73,-17,-75,58,-105,57,90,-117,-58,-53,-2,-18,-53,-12,-35,101,-16,0,10,-86,-86,-104,-100,120,-94,-16
Raw,1790862073999
Raw,1790862074999
Nav,16,1537,1,14,2,2,5,-91,-50,98,-67,-119,-49,59,64,101,-30,-79,-69,46,119,-39,39,-93,-107,-105,-22,-86,-86,-99,-16,126,48,64
Raw,1790862075999
Raw,1790862076999
Nav,16,1537,1,14,4,4,5,-112,-1,-7,-1,-59,102,-85,-1,125,-91,-121,-1,-27,0,27,110,-11,-9,17,106,-86,-86,-108,-63,-115,-126,-80
Raw,1790862077999
Raw,1790862078999
Nav,16,1537,1,15,6,6,0,0,0,0,0,0,0,18,96,-122,-119,-30,76,35,71,-94,-55,-86,-104,9,122,-86,-86,-100,-49,-67,-126,-16
Raw,1790862079999
Raw,1790862080999
Nav,16,1537,1,15,9,9,26,-111,85,85,85,85,85,87,-56,0,96,29,-118,37,6,117,-64,80,-8,-16,-6,-86,-86,-103,30,-92,-80,64
Raw,1790862081999
Raw,1790862082999
Nav,16,1537,1,15,10,10,30,-49,47,-32,17,-95,-3,109,-1,-16,-1,-94,-2,-27,-32,98,-24,-19,-90,-30,26,-86,-86,-109,69,39,-110,-80
Nav,25,1537,1,15,10,10,-2,-49,47,-32,5,101,-3,109,-1,-16,-1,-94,-2,-27,-32,96,0,0,0,0,10,-86,-86,-100,34,82,2,-80
Raw,1790862083999
Raw,1790862084999
Nav,16,1537,1,15,18,18,80,-126,47,1,-48,-106,-89,-83,19,-66,-64,-33,-43,111,-14,-94,-48,-11,4,106,10,-86,-86,-102,-19,-36,34,-16
Nav,3,1537,1,15,18,18,-67,-90,-62,-104,8,5,-77,44,-116,-101,-71,88,-128,105,-99,56,80,-10,-11,49,-102,-86,-86,-105,-100,2,18,-16
Raw,1790862085999
Raw,1790862086999
Nav,16,1537,1,15,20,20,16,-126,-104,-8,125,9,73,-110,-84,10,45,85,13,-84,-16,87,34,-53,65,12,26,-86,-86,-108,81,-11,-48,64
Nav,3,1537,1,15,20,20,-36,-121,-102,34,111,-90,38,-125,-111,-121,65,-82,60,-25,84,-87,-63,115,-16,60,26,-86,-86,-105,-79,124,64,64
Raw,1790862087999
Raw,1790862088999
Nav,16,1537,1,15,16,16,-34,-50,-73,-17,-75,58,-105,57,90,-116,20,99,-2,-18,-53,-9,31,15,114,-92,42,-86,-86,-99,-67,32,2,-80
Nav,3,1537,1,15,16,16,9,37,16,35,-42,58,65,-75,72,-71,-46,-125,-1,99,4,15,-37,22,72,127,-86,-86,-86,-110,4,-11,-46,-80
Raw,1790862089999
Raw,1790862090999
Nav,16,1537,1,15,0,0,-107,85,85,85,85,85,85,85,85,85,85,86,25,-96,105,-78,119,81,-112,-12,-38,-86,-86,-106,-11,-22,18,-16
Nav,3,1537,1,15,0,0,-107,85,85,85,85,85,85,85,85,85,85,86,25,-96,105,-77,-42,98,0,-13,-22,-86,-86,-99,-86,23,-62,-16
Raw,1790862091999
Raw,1790862092999
Nav,16,1537,1,15,0,0,-107,85,85,85,85,85,85,85,85,85,85,86,25,-96,105,-43,-17,73,94,-44,74,-86,-86,-100,81,45,16,64
Nav,3,1537,1,15,0,0,-107,85,85,85,85,85,85,85,85,85,85,86,25,-96,105,-48,-37,-10,51,-40,-54,-86,-86,-105,76,-79,-16,64
Raw,1790862093999
Raw,1790862094999
Nav,16,1537,1,15,1,1,5,-103,-86,-85,1,-37,32,0,46,-55,-125,-86,4,-17,19,122,114,28,-10,-108,-54,-86,-86,-98,17,-67,-110,-80
Nav,3,1537,1,15,1,1,5,-103,-86,45,-44,81,-83,0,72,-16,13,-86,4,-21,28,51,33,-100,-10,-108,-54,-86,-86,-112,-123,-23,-30,-80
Nav,25,1537,1,15,1,1,5,25,-106,62,-28,-48,39,0,30,-4,-109,-86,4,-20,50,48,0,0,0,0,10,-86,-86,-108,-118,90,-78,-80
Raw,1790862095999
Raw,1790862096999
Nav,16,1537,1,15,3,3,5,-65,-15,-119,71,-2,-63,-83,6,36,2,-9,2,41,-106,-77,-6,-72,-43,-126,-6,-86,-86,-100,121,109,-62,-16
Nav,3,1537,1,15,3,3,5,-65,-15,26,72,-90,63,15,68,77,5,69,-66,-30,-42,-69,74,-72,-43,-126,-6,-86,-86,-101,-108,-19,114,-16
Nav,25,1537,1,15,3,3,5,63,-15,-101,-57,-22,-63,-95,69,-14,-125,10,-62,32,22,-80,0,0,0,0,10,-86,-86,-106,-112,98,82,-16
Nav,5,1537,1,15,3,3,5,63,-15,53,-56,112,-65,6,68,46,-123,105,62,-29,86,-80,0,0,0,0,10,-86,-86,-111,-54,-11,34,-16
Raw,1790862097999
Raw,1790862098999
Nav,16,1537,1,15,5,5,32,-65,-104,34,-96,126,31,-96,11,12,-64,-44,106,-86,-86,-92,47,-6,119,-25,-70,-86,-86,-106,32,-81,16,64
Nav,3,1537,1,15,5,5,32,-65,-104,34,-96,0,64,24,11,12,-64,-44,106,-86,-86,-96,-33,-6,119,-25,-70,-86,-86,-99,-101,-104,80,64
Nav,25,1537,1,15,5,5,32,-65,-104,34,-96,0,-32,48,11,12,-64,-44,106,-86,-86,-96,0,0,0,0,10,-86,-86,-103,99,-101,-16,64
Raw,1790862099999
Raw,1790862100999
Nav,16,1537,1,15,0,0,-107,85,85,85,85,85,85,85,85,85,85,86,25,-96,106,94,-57,51,-106,42,-102,-86,-86,-107,122,35,50,-80
Nav,25,1537,1,15,0,0,-107,85,85,85,85,85,85,85,85,85,85,86,25,-96,106,80,0,0,0,0,10,-86,-86,-101,90,47,18,-80
Raw,1790862101999
Raw,1790862102999
Nav,16,1537,1,16,16,16,-34,-50,-73,-17,-75,58,-105,57,90,-116,20,99,-2,-18,-53,-15,-23,-88,-80,0,10,-86,-86,-105,-32,41,18,-16
Nav,3,1537,1,16,16,16,9,37,16,35,-42,58,65,-75,72,-71,-46,-125,-1,99,4,2,57,-88,-80,0,10,-86,-86,-97,-95,-76,-46,-16
Nav,25,1537,1,16,16,16,-24,-107,-7,-75,-85,18,-105,91,22,80,-110,8,0,102,4,0,0,0,0,0,10,-86,-86,-100,91,70,18,-16
Raw,1790862103999
Raw,1790862104999
Nav,16,1537,1,16,2,2,5,-91,-50,98,-67,-119,-49,59,64,101,-30,-79,-69,46,119,-39,47,-44,-77,18,42,-86,-86,-103,-80,48,-32,64
Raw,1790862105999
Raw,1790862106999
Nav,16,1537,1,16,4,4,5,-112,-1,-7,-1,-59,102,-85,-1,125,-91,-121,-1,-27,0,27,116,-126,-62,44,58,-86,-86,-112,-56,-24,-110,-80
Raw,1790862107999
Raw,1790862108999
Nav,16,1537,1,16,6,6,0,0,0,0,0,0,0,18,96,-122,-119,-30,76,35,86,-93,99,-48,-108,-51,74,-86,-86,-101,9,-41,66,-16
Nav,3,1537,1,16,6,6,0,0,0,0,0,0,0,18,96,-122,-119,-30,76,35,86,-93,98,114,48,92,-38,-86,-86,-105,-59,-40,114,-16
Nav,25,1537,1,16,6,6,0,0,0,0,0,0,0,18,96,-122,-119,-30,76,35,86,-96,0,0,0,0,10,-86,-86,-103,-87,-114,-62,-16
Nav,10,1537,1,16,6,6,0,0,0,0,0,0,0,18,96,-122,-119,-30,76,35,86,-92,117,-7,108,125,42,-86,-86,-103,99,44,-62,-16
Raw,1790862109999
Raw,1790862110999
Nav,16,1537,1,16,7,7,26,-111,1,85,85,85,85,85,85,85,85,85,85,101,85,85,82,16,-14,69,12,0,0,28,-37,-97,16,64
Nav,3,1537,1,16,7,7,26,-111,1,85,85,85,85,85,85,85,85,85,85,101,85,85,-31,-112,-11,53,-4,0,0,24,25,-73,-80,64
Nav,25,1537,1,16,7,7,-6,-113,1,85,85,85,85,85,85,85,85,85,85,101,85,80,0,0,0,0,10,-86,-86,-104,-126,1,-48,64
Nav,10,1537,1,16,7,7,26,-111,1,85,85,85,85,85,85,85,85,85,85,101,85,95,96,-80,-15,79,-54,-86,-86,-105,-79,46,-112,64
Nav,12,1537,1,16,7,7,26,-111,1,85,85,85,85,85,85,85,85,85,85,101,85,86,-96,-80,-9,88,90,-86,-86,-110,118,-13,47,-48
Raw,1790862111999
Raw,1790862112999
Nav,16,1537,1,16,8,8,21,85,85,85,80,64,20,3,1,98,62,-74,93,-19,-2,43,-14,115,-52,1,4,-97,-125,26,31,-112,-14,-80
Nav,3,1537,1,16,8,8,21,85,85,85,80,64,20,3,1,98,62,-74,93,-19,-2,45,-97,0,115,112,52,-97,-125,23,43,28,-14,-80
Nav,25,1537,1,16,8,8,-11,85,85,85,80,64,21,3,1,98,-66,-74,93,-18,-2,32,0,0,0,0,10,-86,-86,-107,109,-106,-62,-80
Nav,10,1537,1,16,8,8,21,85,85,85,80,64,20,3,1,98,62,-74,93,-19,-2,35,69,-70,-78,-128,-86,-86,-86,-110,101,-111,66,-80
Nav,12,1537,1,16,8,8,21,85,85,85,80,64,20,3,1,98,62,-74,93,-19,-2,46,21,31,-43,16,-54,-86,-86,-101,-75,58,127,-48
Raw,1790862113999
Raw,1790862114999
Nav,16,1537,1,16,17,17,66,-87,50,110,-106,6,-89,-74,-40,9,99,-125,20,-92,-65,-11,-92,-11,29,57,55,98,88,17,-99,-99,-46,-16
Nav,3,1537,1,16,17,17,100,-76,-123,-40,-37,116,-100,-44,17,113,-66,10,-8,-25,11,-26,20,-6,-101,87,-89,98,88,17,111,-70,18,-16
Nav,25,1537,1,16,17,17,109,36,51,67,61,-6,7,-75,16,41,-119,-123,-65,111,2,48,0,0,0,0,10,-86,-86,-102,105,86,18,-16
Nav,10,1537,1,16,17,17,46,-91,-12,-102,108,-27,-100,-41,-126,-24,119,127,-119,-25,-113,88,84,-42,-69,-68,-102,-86,-86,-97,-38,99,-94,-16
Raw,1790862115999
Raw,1790862116999
Nav,16,1537,1,16,19,19,62,-66,-24,100,44,-21,-63,86,-71,62,71,-93,105,-93,-100,123,85,55,-63,-112,-11,96,104,20,-75,-103,-48,64
Nav,3,1537,1,16,19,19,42,-110,124,-105,61,-4,-122,-29,-80,58,-69,0,-61,38,35,83,24,48,-62,0,-11,96,104,27,-106,-36,-112,64
Nav,25,1537,1,16,19,19,17,10,-14,10,16,-87,10,-93,3,-53,79,-122,16,102,-41,-16,0,0,0,0,10,-86,-86,-108,48,98,64,64
Nav,12,1537,1,16,0,0,-107,85,85,85,85,85,85,85,85,85,85,86,25,-96,107,89,-26,-87,98,16,-6,-86,-86,-102,2,-57,127,-48
Raw,1790862117999
Raw,1790862118999
Nav,16,1537,1,16,16,16,-34,-49,55,-15,-75,58,-105,57,88,-116,97,-9,-2,-18,-60,2,71,-56,-121,47,53,-101,127,25,96,-58,18,-80
Nav,3,1537,1,16,16,16,9,36,-48,37,-42,59,65,-75,70,-70,32,27,-1,98,-4,14,-31,109,109,42,85,-101,127,27,93,66,-46,-80
Nav,25,1537,1,16,16,16,-24,-107,-7,-79,-85,18,-105,91,22,80,-33,-100,0,102,16,0,0,0,0,0,10,-86,-86,-106,-116,120,82,-80
Nav,12,1537,1,16,0,0,-107,85,85,85,85,85,85,85,85,85,85,86,25,-96,107,125,-118,-6,23,69,26,-86,-86,-102,-9,99,95,-48
Raw,1790862119999
Raw,1790862120999
Nav,16,1537,1,16,0,0,-107,85,85,85,85,85,85,85,85,85,85,86,25,-96,107,-101,103,-15,12,37,118,62,-57,-112,-1,-97,-30,-16
Nav,3,1537,1,16,0,0,-107,85,85,85,85,85,85,85,85,85,85,86,25,-96,107,-106,13,64,60,35,86,62,-57,-106,-44,-37,34,-16
Nav,25,1537,1,16,0,0,-107,85,85,85,85,85,85,85,85,85,85,86,25,-96,107,-112,0,0,0,0,10,-86,-86,-99,21,42,-30,-16
Nav,12,1537,1,16,0,0,-107,85,85,85,85,85,85,85,85,85,85,86,25,-96,107,-110,59,-96,-52,38,-6,-86,-86,-102,-96,-30,31,-48
Raw,1790862121999
Raw,1790862122999
Nav,16,1537,1,16,0,0,-107,85,85,85,85,85,85,85,85,85,85,86,25,-96,107,-72,-6,-11,-17,53,103,-117,0,19,83,-38,0,64
Nav,3,1537,1,16,0,0,-107,85,85,85,85,85,85,85,85,85,85,86,25,-96,107,-78,45,-11,102,-95,23,-117,0,31,7,110,-96,64
Nav,25,1537,1,16,0,0,-107,85,85,85,85,85,85,85,85,85,85,86,25,-96,107,-80,0,0,0,0,10,-86,-86,-102,-34,36,-48,64
Nav,10,1537,1,16,0,0,-107,85,85,85,85,85,85,85,85,85,85,86,25,-96,107,-80,-44,-114,49,-71,58,-86,-86,-105,104,-76,16,64
Raw,1790862123999
Raw,1790862124999
Nav,16,1537,1,16,1,1,5,-103,-86,-85,1,-37,32,0,46,-55,-125,-86,4,-17,19,127,-78,0,-1,-22,39,-128,0,85,-17,-8,-30,-80
Nav,3,1537,1,16,1,1,5,-103,-86,45,-44,81,-83,0,72,-16,13,-86,4,-21,28,60,112,32,-1,-22,39,-128,0,84,-4,112,98,-80
Nav,25,1537,1,16,1,1,5,25,-106,62,-28,-48,39,0,30,-4,-109,-86,4,-20,50,48,0,0,0,0,10,-86,-86,-108,-118,90,-78,-80
Nav,10,1537,1,16,1,1,5,-103,-86,116,-108,24,-116,0,33,93,27,-86,4,-27,-90,115,32,80,-1,-22,42,-86,-86,-106,117,78,34,-80
Nav,12,1537,1,16,1,1,5,-103,-86,19,58,-87,-5,0,20,-79,70,-86,4,-25,63,-4,32,64,-1,-22,42,-86,-86,-97,90,-27,111,-48
Raw,1790862125999
Raw,1790862126999
Nav,16,1537,1,17,3,3,5,-65,-15,-119,71,-2,-63,-83,6,36,2,-9,2,41,-106,-79,-82,38,-124,-75,58,113,-120,95,124,-108,-46,-16
Nav,3,1537,1,17,3,3,5,-65,-15,26,72,-90,63,15,68,77,5,69,-66,-30,-42,-79,-114,38,-124,-75,58,-86,-86,-107,-119,125,-62,-16
Nav,25,1537,1,17,3,3,5,63,-15,-101,-57,-22,-63,-95,69,-14,-125,10,-62,32,22,-80,0,0,0,0,10,-86,-86,-106,-112,98,82,-16
Nav,10,1537,1,17,3,3,5,-65,-16,33,71,122,63,-115,64,2,-53,63,63,107,-58,-69,78,38,-124,-75,58,-86,-86,-104,-119,5,-94,-16
Nav,12,1537,1,17,3,3,5,-65,-16,7,-57,-88,-1,101,-65,-1,-53,64,127,99,118,-71,94,38,-124,-75,58,-86,-86,-111,116,18,111,-48
Raw,1790862127999
Raw,1790862128999
Nav,16,1537,1,17,5,5,32,-65,-104,34,-96,126,31,-96,11,12,-64,-40,42,-86,-86,-82,77,102,-113,69,-78,-99,24,-34,-124,76,16,64
Nav,3,1537,1,17,5,5,32,-65,-104,34,-96,0,64,24,11,12,-64,-40,42,-86,-86,-91,-19,102,-113,69,-70,-86,-86,-108,-90,-112,80,64
Nav,25,1537,1,17,5,5,32,-65,-104,34,-96,0,-32,48,11,12,-64,-40,42,-86,-86,-96,0,0,0,0,10,-86,-86,-112,2,-100,-48,64
Nav,10,1537,1,17,5,5,32,-65,-104,34,-96,127,-65,-16,11,12,-64,-40,42,-86,-86,-96,-35,102,-113,69,-70,-86,-86,-105,-49,-50,48,64
Nav,12,1537,1,17,5,5,32,-65,-104,34,-96,121,-66,88,11,12,-64,-40,42,-86,-86,-93,-3,102,-113,69,-70,-86,-86,-107,-9,-20,79,-48
Raw,1790862129999
Raw,1790862130999
Nav,16,1537,1,17,0,0,-107,85,85,85,85,85,85,85,85,85,85,86,25,-96,108,58,-76,-40,53,-59,-112,60,116,30,98,66,98,-80
Nav,3,1537,1,17,0,0,-107,85,85,85,85,85,85,85,85,85,85,86,25,-96,108,62,-76,-40,53,-59,-102,-86,-86,-112,-99,-49,-78,-80
Nav,25,1537,1,17,0,0,-107,85,85,85,85,85,85,85,85,85,85,86,25,-96,108,48,0,0,0,0,10,-86,-86,-100,-50,11,-46,-80
Nav,10,1537,1,17,0,0,-107,85,85,85,85,85,85,85,85,85,85,86,25,-96,108,49,100,-40,53,-59,-102,-86,-86,-98,6,-7,98,-80
Nav,12,1537,1,17,0,0,-107,85,85,85,85,85,85,85,85,85,85,86,25,-96,108,61,-92,-40,53,-59,-102,-86,-86,-108,-31,-93,111,-48
Raw,1790862131999
Raw,1790862132999
Nav,16,1537,1,17,16,16,-34,-49,55,-15,-75,58,-105,57,88,-116,97,-9,-2,-18,-60,4,66,84,-80,0,3,-43,64,-43,22,-58,-110,-16
Nav,3,1537,1,17,16,16,9,36,-48,37,-42,59,65,-75,70,-70,32,27,-1,98,-4,3,66,84,-80,0,10,-86,-86,-98,-128,-126,82,-16
Nav,25,1537,1,17,16,16,-24,-107,-7,-79,-85,18,-105,91,22,80,-33,-100,0,102,16,0,0,0,0,0,10,-86,-86,-106,-116,120,82,-16
Nav,10,1537,1,17,16,16,55,26,-2,82,102,101,-20,-35,88,3,-118,35,-14,-96,88,2,50,84,-80,0,10,-86,-86,-110,50,-76,-78,-16
Nav,12,1537,1,17,0,0,-107,85,85,85,85,85,85,85,85,85,85,86,25,-96,108,81,18,84,-80,0,10,-86,-86,-104,-30,-65,95,-48
Raw,1790862133999
Raw,1790862134999
Raw,1790862135999
Raw,1790862136999
Nav,16,1537,1,17,4,4,5,-112,-1,-7,-1,-59,102,-85,-1,125,-91,-121,-1,-27,0,27,2,-104,-126,53,90,-86,-86,-102,-122,-40,-110,-80
Raw,1790862137999
Raw,1790862138999
Nav,16,1537,1,17,6,6,0,0,0,0,0,0,0,18,96,-122,-119,-30,76,35,101,-94,36,31,55,40,-38,-86,-86,-109,124,28,-14,-16
Nav,3,1537,1,17,6,6,0,0,0,0,0,0,0,18,96,-122,-119,-30,76,35,101,-88,116,91,-110,-63,106,-86,-86,-106,65,-42,18,-16
Nav,25,1537,1,17,6,6,0,0,0,0,0,0,0,18,96,-122,-119,-30,76,35,101,-96,0,0,0,0,10,-86,-86,-107,-63,55,-94,-16
Nav,10,1537,1,17,6,6,0,0,0,0,0,0,0,18,96,-122,-119,-30,76,35,101,-93,100,-5,-71,10,74,-86,-86,-101,1,-92,114,-16
Raw,1790862139999
Raw,1790862140999
Nav,16,1537,1,17,9,9,26,-111,-8,59,0,38,0,8,6,0,-32,72,87,44,125,101,0,80,-4,-83,-54,-86,-86,-99,-108,-36,16,64
Nav,3,1537,1,17,9,9,26,-111,-8,59,0,38,0,8,6,0,-32,72,87,44,125,102,-96,80,-5,21,-22,-86,-86,-99,-99,124,16,64
Nav,25,1537,1,17,9,9,-6,-113,-14,39,0,38,0,8,6,0,-48,72,87,39,-3,96,0,0,0,0,10,-86,-86,-112,-32,47,-48,64
Nav,10,1537,1,17,9,9,26,-111,-8,59,0,38,0,8,6,0,-32,72,87,44,125,101,-30,16,-4,125,58,-86,-86,-104,-98,-97,80,64
Nav,12,1537,1,17,9,9,26,-111,-8,59,0,38,0,8,6,0,-32,72,87,44,125,107,16,80,-11,-100,26,-86,-86,-111,-83,105,-1,-48
Nav,5,1537,1,17,9,9,-6,-113,-14,39,0,38,0,8,6,0,-48,72,87,39,-3,96,0,0,0,0,10,-86,-86,-112,-32,47,-48,64
Raw,1790862141999
Raw,1790862142999
Nav,16,1537,1,17,10,10,20,27,111,-30,91,-87,-1,-45,-1,-16,-1,-94,-2,-27,-32,100,-107,18,-68,-62,26,-86,-86,-109,-32,-126,-126,-80
Nav,3,1537,1,17,10,10,20,27,111,-30,91,-87,-1,-45,-1,-16,-1,-94,-2,-27,-32,110,20,124,110,49,-102,-86,-86,-112,-118,-46,34,-80
Nav,25,1537,1,17,10,10,-12,27,111,-30,79,-99,-1,-45,-1,-16,-1,-94,-2,-27,-32,96,0,0,0,0,10,-86,-86,-111,66,-61,18,-80
Nav,10,1537,1,17,10,10,20,27,111,-30,91,-87,-1,-45,-1,-16,-1,-94,-2,-27,-32,109,-100,-110,98,-96,-70,-86,-86,-107,-124,124,34,-80
Nav,12,1537,1,17,10,10,20,27,111,-30,91,-87,-1,-45,-1,-16,-1,-94,-2,-27,-32,102,-103,114,-110,48,-70,-86,-86,-112,7,-43,111,-48
Raw,1790862143999
Raw,1790862144999
Nav,16,1537,1,17,18,18,80,-126,47,1,-48,-106,-89,-83,19,-66,-64,-33,-43,111,-14,-94,32,-5,-31,-48,-54,-86,-86,-106,-56,-19,-62,-16
Nav,3,1537,1,17,18,18,-67,-90,-62,-104,8,5,-77,44,-116,-101,-71,88,-128,105,-99,61,48,-10,72,90,106,-86,-86,-103,-120,8,114,-16
Nav,25,1537,1,17,18,18,-118,47,15,65,-111,-28,30,7,9,33,3,61,-92,44,-102,-112,0,0,0,0,10,-86,-86,-110,83,-89,34,-16
Nav,10,1537,1,17,18,18,-30,-99,67,-112,-82,-76,21,-26,85,44,65,112,-126,-88,27,-122,16,-2,112,-123,-102,-86,-86,-99,-68,12,-126,-16
Nav,12,1537,1,17,0,0,-107,85,85,85,85,85,85,85,85,85,85,86,25,-96,109,19,0,-14,88,80,-102,-86,-86,-107,6,95,-113,-48
Raw,1790862145999
Raw,1790862146999
Nav,16,1537,1,17,20,20,16,-126,-104,-8,125,9,73,-110,-84,10,45,85,13,-84,-16,80,81,-8,-47,12,58,-86,-86,-107,8,82,-112,64
Nav,3,1537,1,17,20,20,-36,-121,-102,34,111,-90,38,-125,-111,-121,65,-82,60,-25,84,-87,-27,26,112,60,58,-86,-86,-97,1,-36,-80,64
Nav,25,1537,1,17,20,20,115,15,-35,-52,85,-86,-104,52,-81,-87,123,13,-24,-83,-8,80,0,0,0,0,10,-86,-86,-110,27,-91,-32,64
Nav,10,1537,1,17,20,20,-114,-65,-16,-24,-17,30,52,-78,74,95,-110,127,-117,37,-32,-45,22,82,48,-84,58,-86,-86,-110,4,33,-32,64
Nav,12,1537,1,17,0,0,-107,85,85,85,85,85,85,85,85,85,85,86,25,-96,109,53,100,-49,80,-52,58,-86,-86,-100,-41,76,15,-48
Raw,1790862147999
Raw,1790862148999
Nav,16,1537,1,17,16,16,-34,-49,119,-13,-75,58,-105,57,88,-116,-81,-117,-2,-18,-68,8,101,44,-19,-53,42,-86,-86,-111,-8,127,-62,-80
Nav,3,1537,1,17,16,16,9,36,80,39,-42,59,65,-75,70,-70,109,-77,-1,98,-20,13,-121,-42,7,108,-118,-86,-86,-109,-18,-75,18,-80
Nav,25,1537,1,17,16,16,-24,-107,-7,-83,-85,18,-105,91,22,81,45,48,0,102,28,0,0,0,0,0,10,-86,-86,-112,-118,-61,66,-80
Nav,10,1537,1,17,16,16,47,26,-66,84,102,101,-20,-35,88,3,-41,-73,-14,111,124,14,-21,-61,12,84,-22,-86,-86,-110,83,101,82,-80
Raw,1790862149999
Raw,1790862150999
Nav,16,1537,1,18,0,0,-107,85,85,85,85,85,85,85,85,85,85,86,25,-96,109,118,-40,97,-112,-3,-22,-86,-86,-104,89,51,-78,-16
Nav,3,1537,1,18,0,0,-107,85,85,85,85,85,85,85,85,85,85,86,25,-96,109,114,53,-62,0,-11,-22,-86,-86,-104,-106,-33,2,-16
Nav,25,1537,1,18,0,0,-107,85,85,85,85,85,85,85,85,85,85,86,25,-96,109,112,0,0,0,0,10,-86,-86,-99,-55,-7,82,-16
Nav,10,1537,1,18,0,0,-107,85,85,85,85,85,85,85,85,85,85,86,25,-96,109,118,14,-48,64,-13,10,-86,-86,-104,99,12,-30,-16
Raw,1790862151999
Raw,1790862152999
Nav,16,1537,1,18,0,0,-107,85,85,85,85,85,85,85,85,85,85,86,25,-96,109,-100,80,96,125,-97,74,-86,-86,-109,-41,-10,112,64
Nav,3,1537,1,18,0,0,-107,85,85,85,85,85,85,85,85,85,85,86,25,-96,109,-103,-101,109,37,-29,-6,-86,-86,-103,115,-26,-64,64
Nav,25,1537,1,18,0,0,-107,85,85,85,85,85,85,85,85,85,85,86,25,-96,109,-112,0,0,0,0,10,-86,-86,-110,-36,28,112,64
Nav,12,1537,1,18,0,0,-107,85,85,85,85,85,85,85,85,85,85,86,25,-96,109,-107,39,-16,-39,-84,-38,-86,-86,-102,43,85,95,-48
Nav,10,1537,1,18,0,0,-107,85,85,85,85,85,85,85,85,85,85,86,25,-96,109,-110,40,56,-48,-112,26,-86,-86,-103,10,-118,-32,64
Raw,1790862153999
Raw,1790862154999
Nav,16,1537,1,18,1,1,5,-103,-86,-85,1,-37,32,0,46,-55,-125,-86,4,-17,19,126,-14,28,-7,-10,42,-86,-86,-98,104,71,18,-80
Nav,25,1537,1,18,1,1,5,25,-106,62,-28,-48,39,0,30,-4,-109,-86,4,-20,50,48,0,0,0,0,10,-86,-86,-108,-118,90,-78,-80
Nav,3,1537,1,18,1,1,5,-103,-86,45,-44,81,-83,0,72,-16,13,-86,4,-21,28,60,33,-100,-7,-10,42,-86,-86,-97,73,19,-46,-80
Nav,12,1537,1,18,1,1,5,-103,-86,19,58,-87,-5,0,20,-79,70,-86,4,-25,63,-1,112,-68,-7,-10,42,-86,-86,-97,-93,22,-113,-48
Nav,10,1537,1,18,1,1,5,-103,-86,116,-108,24,-116,0,33,93,27,-86,4,-27,-90,124,112,-68,-7,-10,42,-86,-86,-111,43,-83,82,-80
Raw,1790862155999
Raw,1790862156999
Nav,16,1537,1,18,3,3,5,-65,-15,-119,71,-2,-63,-83,6,36,2,-9,2,41,-106,-66,59,-76,119,43,74,-86,-86,-110,93,111,-62,-16
Nav,25,1537,1,18,3,3,5,63,-15,-101,-57,-22,-63,-95,69,-14,-125,10,-62,32,22,-80,0,0,0,0,10,-86,-86,-106,-112,98,82,-16
Nav,3,1537,1,18,3,3,5,-65,-15,26,72,-90,63,15,68,77,5,69,-66,-30,-42,-71,91,-76,119,43,74,-86,-86,-101,43,-39,-94,-16
Nav,10,1537,1,18,3,3,5,-65,-16,33,71,122,63,-115,64,2,-53,63,63,107,-58,-79,-117,-76,119,43,74,-86,-86,-108,-77,-128,-14,-16
Nav,12,1537,1,18,3,3,5,-65,-16,7,-57,-88,-1,101,-65,-1,-53,64,127,99,118,-80,59,-76,119,43,74,-86,-86,-109,-43,-35,-65,-48
Raw,1790862157999
Raw,1790862158999
Nav,16,1537,1,18,5,5,32,-65,-104,34,-96,126,31,-96,11,12,-64,-37,-22,-86,-86,-93,109,126,-79,-119,106,-86,-86,-102,-17,-40,32,64
Nav,25,1537,1,18,5,5,32,-65,-104,34,-96,0,-32,48,11,12,-64,-37,-22,-86,-86,-96,0,0,0,0,10,-86,-86,-102,13,27,-128,64
Nav,3,1537,1,18,5,5,32,-65,-104,34,-96,0,64,24,11,12,-64,-37,-22,-86,-86,-93,-3,126,-79,-119,106,-86,-86,-103,-17,-39,-96,64
Nav,12,1537,1,18,5,5,32,-65,-104,34,-96,121,-66,88,11,12,-64,-37,-22,-86,-86,-94,-3,126,-79,-119,106,-86,-86,-97,55,49,95,-48
Nav,10,1537,1,18,5,5,32,-65,-104,34,-96,127,-65,-16,11,12,-64,-37,-22,-86,-86,-91,-19,126,-79,-119,106,-86,-86,-105,111,-21,-80,64
Raw,1790862159999
Raw,1790862160999
Nav,16,1537,1,18,0,0,-107,85,85,85,85,85,85,85,85,85,85,86,25,-96,110,22,-114,1,-96,61,-38,-86,-86,-112,78,-102,50,-80
Nav,25,1537,1,18,0,0,-107,85,85,85,85,85,85,85,85,85,85,86,25,-96,110,16,0,0,0,0,10,-86,-86,-98,66,23,-110,-80
Nav,3,1537,1,18,0,0,-107,85,85,85,85,85,85,85,85,85,85,86,25,-96,110,29,-82,1,-96,61,-38,-86,-86,-102,76,6,34,-80
Nav,10,1537,1,18,0,0,-107,85,85,85,85,85,85,85,85,85,85,86,25,-96,110,30,-66,1,-96,61,-38,-86,-86,-98,48,106,-14,-80
Nav,12,1537,1,18,0,0,-107,85,85,85,85,85,85,85,85,85,85,86,25,-96,110,19,78,1,-96,61,-38,-86,-86,-101,-90,125,-65,-48
Raw,1790862161999
Raw,1790862162999
Nav,16,1537,1,18,16,16,-34,-49,119,-13,-75,58,-105,57,88,-116,-81,-117,-2,-18,-68,15,42,-54,-32,0,10,-86,-86,-102,-68,-108,-78,-16
Nav,25,1537,1,18,16,16,-24,-107,-7,-83,-85,18,-105,91,22,81,45,48,0,102,28,0,0,0,0,0,10,-86,-86,-112,-118,-61,66,-16
Nav,3,1537,1,18,16,16,9,36,80,39,-42,59,65,-75,70,-70,109,-77,-1,98,-20,1,26,-54,-32,0,10,-86,-86,-102,49,-50,-78,-16
Nav,10,1537,1,18,16,16,47,26,-66,84,102,101,-20,-35,88,3,-41,-73,-14,111,124,3,74,-54,-32,0,10,-86,-86,-106,-42,-120,-30,-16
Nav,12,1537,1,18,0,0,-107,85,85,85,85,85,85,85,85,85,85,86,25,-96,110,62,10,-54,-32,0,10,-86,-86,-101,-74,2,47,-48
Raw,1790862163999
Raw,1790862164999
Nav,16,1537,1,18,2,2,5,-91,-50,98,-67,-119,-49,59,64,101,-30,-79,-69,46,119,-39,33,47,73,-126,90,-86,-86,-106,62,-92,-32,64
Nav,25,1537,1,18,2,2,5,37,-42,-61,62,73,-54,36,7,55,-11,-78,-128,110,-56,-48,0,0,0,0,10,-86,-86,-102,107,86,-64,64
Nav,3,1537,1,18,2,2,5,-112,109,98,-70,-55,-33,-78,4,74,-27,-26,25,97,98,25,34,-60,25,-71,42,-86,-86,-99,-51,60,64,64
Nav,10,1537,1,18,2,2,5,-69,55,87,-94,-118,39,-72,20,-94,99,32,-101,47,-38,89,32,-42,-54,-101,-86,-86,-86,-105,-87,-50,-80,64
Nav,12,1537,1,18,2,2,5,-69,58,-49,61,-54,32,38,-82,62,116,-21,89,-17,-34,25,46,-90,-5,116,26,-86,-86,-107,-125,74,95,-48
Raw,1790862165999
Raw,1790862166999
Nav,16,1537,1,18,4,4,5,-112,-1,-7,-1,-59,102,-85,-1,125,-91,-121,-1,-27,0,27,16,-90,112,72,-86,-86,-86,-100,-121,-98,82,-80
Nav,25,1537,1,18,4,4,5,25,-1,-84,0,31,102,88,0,44,-36,-57,-1,-17,-80,16,0,0,0,0,10,-86,-86,-100,85,90,-110,-80
Nav,3,1537,1,18,4,4,5,-125,-1,-22,-1,-24,102,-85,-1,-91,109,63,-1,-26,-32,27,73,-126,71,78,-70,-86,-86,-107,73,-68,-126,-80
Nav,10,1537,1,18,4,4,5,-118,-1,-31,0,2,102,-85,-7,63,-54,87,-1,-28,-128,27,52,8,65,78,-38,-86,-86,-99,73,81,-62,-80
Nav,12,1537,1,18,4,4,5,-116,-1,-21,0,5,102,-85,-1,92,2,87,-1,-81,-112,27,81,-7,105,77,58,-86,-86,-104,-26,109,127,-48
Raw,1790862167999
Raw,1790862168999
Nav,25,1537,1,18,6,6,0,0,0,0,0,0,0,18,96,-122,-119,-30,76,35,116,-96,0,0,0,0,10,-86,-86,-103,-59,26,18,-16
Nav,16,1537,1,18,6,6,0,0,0,0,0,0,0,18,96,-122,-119,-30,76,35,116,-92,115,-64,-103,75,90,-86,-86,-102,118,-70,98,-16
Nav,10,1537,1,18,6,6,0,0,0,0,0,0,0,18,96,-122,-119,-30,76,35,116,-88,127,-8,104,78,-102,-86,-86,-105,-55,65,-78,-16
Nav,12,1537,1,18,6,6,0,0,0,0,0,0,0,18,96,-122,-119,-30,76,35,116,-89,-42,85,52,-95,-6,-86,-86,-100,-54,-67,111,-48
Raw,1790862169999
Raw,1790862170999
Nav,25,1537,1,18,7,7,-6,-113,16,1,-128,52,117,19,-21,32,-37,-1,25,103,-95,80,0,0,0,0,10,-86,-86,-100,121,43,-80,64
Nav,16,1537,1,18,7,7,26,-111,16,1,-128,52,116,-69,-21,32,-37,-1,25,-32,57,95,97,2,18,-117,90,-86,-86,-111,42,-123,-128,64
Nav,3,1537,1,18,7,7,26,-111,16,1,-128,52,116,-69,-21,32,-37,-1,25,-32,57,91,16,50,21,-26,74,-86,-86,-111,-125,-3,64,64
Nav,10,1537,1,18,7,7,26,-111,16,1,-128,52,116,-69,-21,32,-37,-1,25,-32,57,86,-96,-80,-3,119,-70,-86,-86,-104,-12,-60,0,64
Nav,12,1537,1,18,7,7,26,-111,16,1,-128,52,116,-69,-21,32,-37,-1,25,-32,57,87,-48,-80,-16,24,10,-86,-86,-110,2,-89,95,-48
Raw,1790862171999
Raw,1790862172999
Nav,25,1537,1,18,8,8,-16,7,32,10,0,-96,14,2,69,75,-97,89,6,-26,-2,32,0,0,0,0,10,-86,-86,-108,-112,-10,-14,-80
Nav,16,1537,1,18,8,8,16,7,32,10,0,-96,14,2,69,74,-97,89,6,-26,-2,35,71,27,56,113,10,-86,-86,-109,-97,-86,-94,-80
Nav,3,1537,1,18,8,8,16,7,32,10,0,-96,14,2,69,74,-97,89,6,-26,-2,38,-101,30,-87,80,58,-86,-86,-99,69,-124,-110,-80
Nav,12,1537,1,18,8,8,16,7,32,10,0,-96,14,2,69,74,-97,89,6,-26,-2,43,-40,21,92,80,-54,-86,-86,-108,20,36,-1,-48
Nav,10,1537,1,18,8,8,16,7,32,10,0,-96,14,2,69,74,-97,89,6,-26,-2,46,28,-55,-101,32,-86,-86,-86,-109,92,-10,-78,-80
Raw,1790862173999
Raw,1790862174999
Nav,25,1537,1,19,17,17,109,36,51,67,61,-6,7,-75,16,41,-119,-123,-65,111,2,48,0,0,0,0,10,-86,-86,-102,105,86,18,-16
Nav,16,1537,1,19,17,17,66,-87,50,110,-106,6,-89,-74,-40,9,99,-125,20,-92,-65,-8,84,-5,-33,61,-22,-86,-86,-110,-37,-56,18,-16
Nav,3,1537,1,19,17,17,100,-76,-123,-40,-37,116,-100,-44,17,113,-66,10,-8,-25,11,-29,4,-7,-80,-37,-6,-86,-86,-107,98,-116,66,-16
Raw,1790862175999
Raw,1790862176999
Nav,25,1537,1,19,19,19,17,10,-14,10,16,-87,10,-93,3,-53,79,-122,16,102,-41,-16,0,0,0,0,10,-86,-86,-108,48,98,64,64
Nav,16,1537,1,19,19,19,62,-66,-24,100,44,-21,-63,86,-71,62,71,-93,105,-93,-100,121,-59,-125,-94,16,-6,-86,-86,-107,78,-81,16,64
Nav,3,1537,1,19,19,19,42,-110,124,-105,61,-4,-122,-29,-80,58,-69,0,-61,38,35,85,97,77,-95,-112,-6,-86,-86,-112,79,127,-48,64
Nav,12,1537,1,19,0,0,-107,85,85,85,85,85,85,85,85,85,85,86,25,-96,111,18,123,34,-78,16,-6,-86,-86,-103,34,63,-1,-48
Nav,10,1537,1,19,19,19,-98,-122,-87,-62,31,91,-83,123,101,-89,-64,20,9,-27,-107,-87,-31,52,96,64,-6,-86,-86,-111,-114,-105,-48,64
Raw,1790862177999
Raw,1790862178999
Nav,25,1537,1,19,16,16,-24,-107,121,-85,-85,18,-105,91,20,81,122,-52,0,102,36,0,0,0,0,0,10,-86,-86,-106,-15,-118,82,-80
Nav,16,1537,1,19,16,16,-34,-49,-73,-11,-75,58,-105,57,88,-116,-3,31,-2,-18,-72,15,-34,-88,18,56,-38,-86,-86,-112,84,-60,-78,-80
Nav,3,1537,1,19,16,16,9,35,-48,41,-42,59,65,-75,70,-70,-69,75,-1,98,-32,5,-104,-91,-88,-69,-54,-86,-86,-105,1,-33,50,-80
Nav,12,1537,1,19,0,0,-107,85,85,85,85,85,85,85,85,85,85,86,25,-96,111,51,-15,-101,-105,125,26,-86,-86,-104,-97,-33,-65,-48
Nav,10,1537,1,19,16,16,47,26,-66,86,102,101,-20,-35,88,4,37,79,-14,111,124,13,-126,-3,65,-4,-38,-86,-86,-105,-91,-94,-46,-80
Raw,1790862179999
Raw,1790862180999
Nav,25,1537,1,19,0,0,-107,85,85,85,85,85,85,85,85,85,85,86,25,-96,111,80,0,0,0,0,10,-86,-86,-97,69,-27,18,-16
Nav,16,1537,1,19,0,0,-107,85,85,85,85,85,85,85,85,85,85,86,25,-96,111,83,-46,-15,12,79,-70,-86,-86,-101,94,-87,-62,-16
Nav,3,1537,1,19,0,0,-107,85,85,85,85,85,85,85,85,85,85,86,25,-96,111,87,-103,-64,60,73,10,-86,-86,-108,75,3,-110,-16
Nav,12,1537,1,19,0,0,-107,85,85,85,85,85,85,85,85,85,85,86,25,-96,111,86,113,112,-52,70,90,-86,-86,-101,125,110,127,-48
Raw,1790862181999
Raw,1790862182999
Nav,25,1537,1,19,0,0,-107,85,85,85,85,85,85,85,85,85,85,86,25,-96,111,112,0,0,0,0,10,-86,-86,-104,-114,-21,32,64
Nav,16,1537,1,19,0,0,-107,85,85,85,85,85,85,85,85,85,85,86,25,-96,111,112,-39,-64,-53,-77,-54,-86,-86,-112,76,73,64,64
Nav,3,1537,1,19,0,0,-107,85,85,85,85,85,85,85,85,85,85,86,25,-96,111,117,35,-84,-65,93,-54,-86,-86,-99,-118,-56,-112,64
Nav,12,1537,1,19,0,0,-107,85,85,85,85,85,85,85,85,85,85,86,25,-96,111,116,-108,-52,-79,-115,26,-86,-86,-111,-108,-89,15,-48
Nav,10,1537,1,19,0,0,-107,85,85,85,85,85,85,85,85,85,85,86,25,-96,111,121,-100,25,104,-39,-22,-86,-86,-105,56,-64,80,64
Raw,1790862183999
Raw,1790862184999
Nav,25,1537,1,19,1,1,5,25,-106,62,-28,-48,39,0,30,-4,-109,-86,4,-20,50,48,0,0,0,0,10,-86,-86,-108,-118,90,-78,-80
Nav,16,1537,1,19,1,1,5,-103,-86,-85,1,-37,32,0,46,-55,-125,-86,4,-17,19,115,33,-112,-7,-54,42,-86,-86,-105,69,43,82,-80
Nav,3,1537,1,19,1,1,5,-103,-86,45,-44,81,-83,0,72,-16,13,-86,4,-21,28,63,114,0,-7,-54,42,-86,-86,-97,121,-46,50,-80
Nav,12,1537,1,19,1,1,5,-103,-86,19,58,-87,-5,0,20,-79,70,-86,4,-25,63,-12,-48,64,-7,-54,42,-86,-86,-109,14,-35,111,-48
Raw,1790862185999
Raw,1790862186999
Nav,25,1537,1,19,3,3,5,63,-15,-101,-57,-22,-63,-95,69,-14,-125,10,-62,32,22,-80,0,0,0,0,10,-86,-86,-106,-112,98,82,-16
Nav,16,1537,1,19,3,3,5,-65,-15,-119,71,-2,-63,-83,6,36,2,-9,2,41,-106,-69,64,-47,-44,-15,-6,-127,13,26,-109,-6,2,-16
Nav,3,1537,1,19,3,3,5,-65,-15,26,72,-90,63,15,68,77,5,69,-66,-30,-42,-80,48,-47,-44,-15,-6,-127,13,24,-85,-2,-62,-16
Nav,12,1537,1,19,3,3,5,-65,-16,7,-57,-88,-1,101,-65,-1,-53,64,127,99,118,-77,112,-47,-44,-15,-6,-86,-86,-99,-4,102,-113,-48
Raw,1790862187999
Raw,1790862188999
Nav,25,1537,1,19,5,5,32,-65,-104,34,-96,0,-32,48,11,12,-64,-33,-86,-86,-86,-96,0,0,0,0,10,-86,-86,-100,121,93,-64,64
Nav,16,1537,1,19,5,5,32,-65,-104,34,-96,126,31,-96,11,12,-64,-33,-86,-86,-86,-96,-40,-41,62,28,51,58,-40,-44,85,35,32,64
Nav,3,1537,1,19,5,5,32,-65,-104,34,-96,0,64,24,11,12,-64,-33,-86,-86,-86,-94,-8,-41,62,28,51,58,-40,-48,122,-97,48,64
Nav,12,1537,1,19,5,5,32,-65,-104,34,-96,121,-66,88,11,12,-64,-33,-86,-86,-86,-92,-104,-41,62,28,58,-86,-86,-97,-109,113,127,-48
Nav,10,1537,1,19,5,5,32,-65,-104,34,-96,127,-65,-16,11,12,-64,-33,-86,-86,-86,-93,-8,-41,62,28,58,-86,-86,-109,-43,-33,-112,64
Raw,1790862189999
Raw,1790862190999
Nav,25,1537,1,19,0,0,-107,85,85,85,85,85,85,85,85,85,85,86,25,-96,111,-16,0,0,0,0,10,-86,-86,-97,-58,28,82,-80
Nav,16,1537,1,19,0,0,-107,85,85,85,85,85,85,85,85,85,85,86,25,-96,111,-15,111,-105,61,-59,-64,60,100,30,-84,31,82,-80
Nav,3,1537,1,19,0,0,-107,85,85,85,85,85,85,85,85,85,85,86,25,-96,111,-13,79,-105,61,-59,-64,60,100,21,-95,62,-62,-80
Nav,12,1537,1,19,0,0,-107,85,85,85,85,85,85,85,85,85,85,86,25,-96,111,-11,31,-105,61,-59,-54,-86,-86,-110,37,18,15,-48
Nav,10,1537,1,19,0,0,-107,85,85,85,85,85,85,85,85,85,85,86,25,-96,111,-3,-81,-105,61,-59,-54,-86,-86,-97,41,-60,50,-80
Raw,1790862191999
Raw,1790862192999
Nav,25,1537,1,19,16,16,-24,-107,121,-85,-85,18,-105,91,20,81,122,-52,0,102,36,0,0,0,0,0,10,-86,-86,-106,-15,-118,82,-16
Nav,16,1537,1,19,16,16,-34,-49,-73,-11,-75,58,-105,57,88,-116,-3,31,-2,-18,-72,2,57,120,64,0,3,-43,64,-108,-122,-105,-30,-16
Nav,12,1537,1,19,0,0,-107,85,85,85,85,85,85,85,85,85,85,86,25,-96,112,20,-39,120,64,0,10,-86,-86,-102,-79,84,31,-48
Raw,1790862193999
Raw,1790862194999
Nav,25,1537,1,19,2,2,5,37,-42,-61,62,73,-54,36,7,55,-11,-78,-128,110,-56,-48,0,0,0,0,10,-86,-86,-102,107,86,-64,64
Nav,16,1537,1,19,2,2,5,-91,-50,98,-67,-119,-49,59,64,101,-30,-79,-69,46,119,-39,38,63,85,-84,42,-86,-86,-110,-116,79,0,64
Nav,3,1537,1,19,2,2,5,-112,109,98,-70,-55,-33,-78,4,74,-27,-26,25,97,98,25,41,49,0,-103,90,-86,-86,-99,-69,29,80,64
Nav,12,1537,1,19,2,2,5,-69,58,-49,61,-54,32,38,-82,62,116,-21,89,-17,-34,25,41,90,-79,-54,58,-86,-86,-109,116,-103,79,-48
Raw,1790862195999
Raw,1790862196999
Nav,25,1537,1,19,4,4,5,25,-1,-84,0,31,102,88,0,44,-36,-57,-1,-17,-80,16,0,0,0,0,10,-86,-86,-100,85,90,-110,-80
Nav,16,1537,1,19,4,4,5,-112,-1,-7,-1,-59,102,-85,-1,125,-91,-121,-1,-27,0,27,41,-91,58,90,42,-86,-86,-103,-114,-56,50,-80
Nav,3,1537,1,19,4,4,5,-125,-1,-22,-1,-24,102,-85,-1,-91,109,63,-1,-26,-32,27,80,-83,-102,95,-6,-86,-86,-104,45,-106,-126,-80
Nav,12,1537,1,19,4,4,5,-116,-1,-21,0,5,102,-85,-1,92,2,87,-1,-81,-112,27,105,-73,-41,88,-38,-86,-86,-99,-50,66,-33,-48
Nav,10,1537,1,19,4,4,5,-118,-1,-31,0,2,102,-85,-7,63,-54,87,-1,-28,-128,27,77,125,31,82,-86,-86,-86,-103,-69,105,98,-80
Raw,1790862197999
Raw,1790862198999
Nav,25,1537,1,20,6,6,0,0,0,0,0,0,0,18,96,-122,-119,-30,76,35,-125,-96,0,0,0,0,10,-86,-86,-103,-66,95,-30,-16
Nav,3,1537,1,20,6,6,0,0,0,0,0,0,0,18,96,-122,-119,-30,76,35,-125,-89,-46,123,-67,-114,-102,-86,-86,-103,-96,50,-30,-16
Nav,12,1537,1,20,6,6,0,0,0,0,0,0,0,18,96,-122,-119,-30,76,35,-125,-94,-59,78,26,-113,-6,-86,-86,-108,-36,40,63,-48
Raw,1790862199999
Raw,1790862200999
Nav,25,1537,1,20,9,9,-6,-113,72,-22,0,35,0,8,12,0,-80,86,-122,105,-5,48,0,0,0,0,10,-86,-86,-100,25,-127,0,64
Raw,1790862201999
Raw,1790862202999
Raw,1790862203999
Raw,1790862204999
Nav,25,1537,1,20,18,18,-118,47,15,65,-111,-28,30,7,9,33,3,61,-92,44,-102,-112,0,0,0,0,10,-86,-86,-110,83,-89,34,-16
Raw,1790862205999
Raw,1790862206999
Nav,16,1537,1,20,20,20,16,-126,-104,-8,125,9,73,-110,-84,10,45,85,13,-84,-16,83,19,82,49,12,90,-86,-86,-111,9,110,-32,64
Nav,25,1537,1,20,20,20,115,15,-35,-52,85,-86,-104,52,-81,-87,123,13,-24,-83,-8,80,0,0,0,0,10,-86,-86,-110,27,-91,-32,64
Raw,1790862207999
Raw,1790862208999
Nav,25,1537,1,20,16,16,-24,-107,-71,-89,-85,18,-105,91,22,81,-56,92,0,102,44,0,0,0,0,0,10,-86,-86,-101,-49,-102,18,-80
Raw,1790862209999
Raw,1790862210999
Nav,25,1537,1,20,0,0,-107,85,85,85,85,85,85,85,85,85,85,86,25,-96,113,48,0,0,0,0,10,-86,-86,-105,60,-124,-14,-16
Nav,5,1537,1,20,0,0,-107,85,85,85,85,85,85,85,85,85,85,86,25,-96,113,48,0,0,0,0,10,-86,-86,-105,60,-124,-14,-16
Raw,1790862211999
Raw,1790862212999
Nav,16,1537,1,20,0,0,-107,85,85,85,85,85,85,85,85,85,85,86,25,-96,113,82,37,-115,40,110,90,-86,-86,-112,59,-10,112,64
Nav,25,1537,1,20,0,0,-107,85,85,85,85,85,85,85,85,85,85,86,25,-96,113,80,0,0,0,0,10,-86,-86,-97,97,-106,-96,64
Raw,1790862213999
Raw,1790862214999
Nav,16,1537,1,20,1,1,5,-103,-86,-85,1,-37,32,0,46,-55,-125,-86,4,-17,19,124,114,28,-10,28,10,-86,-86,-107,109,96,-14,-80
Nav,25,1537,1,20,1,1,5,25,-106,62,-28,-48,39,0,30,-4,-109,-86,4,-20,50,48,0,0,0,0,10,-86,-86,-108,-118,90,-78,-80
Nav,5,1537,1,20,1,1,5,25,-106,72,-23,-29,40,0,35,-93,75,-86,4,-21,12,48,0,0,0,0,10,-86,-86,-98,56,-34,2,-80
Raw,1790862215999
Raw,1790862216999
Nav,16,1537,1,20,3,3,5,-65,-15,-119,71,-2,-63,-83,6,36,2,-9,2,41,-106,-79,-120,91,78,98,90,-86,-86,-102,56,94,2,-16
Nav,25,1537,1,20,3,3,5,63,-15,-101,-57,-22,-63,-95,69,-14,-125,10,-62,32,22,-80,0,0,0,0,10,-86,-86,-106,-112,98,82,-16
Raw,1790862217999
Raw,1790862218999
Nav,16,1537,1,20,5,5,32,-65,-104,34,-96,126,31,-96,11,12,-64,-29,106,-86,-86,-91,-27,-88,-83,-122,-54,-86,-86,-111,9,-20,48,64
Nav,25,1537,1,20,5,5,32,-65,-104,34,-96,0,-32,48,11,12,-64,-29,106,-86,-86,-96,0,0,0,0,10,-86,-86,-100,55,64,-112,64
Nav,5,1537,1,20,5,5,32,-65,-104,34,-96,1,0,56,11,12,-64,-29,106,-86,-86,-96,0,0,0,0,10,-86,-86,-103,82,-26,-128,64
Raw,1790862219999
Raw,1790862220999
Nav,16,1537,1,20,0,0,-107,85,85,85,85,85,85,85,85,85,85,86,25,-96,113,-34,-71,-34,91,-10,122,-86,-86,-103,18,56,-126,-80
Nav,25,1537,1,20,0,0,-107,85,85,85,85,85,85,85,85,85,85,86,25,-96,113,-48,0,0,0,0,10,-86,-86,-104,41,97,-46,-80
Raw,1790862221999
Raw,1790862222999
Nav,25,1537,1,21,16,16,-24,-107,-71,-89,-85,18,-105,91,22,81,-56,92,0,102,44,0,0,0,0,0,10,-86,-86,-101,-49,-102,18,-16
Raw,1790862223999
Raw,1790862224999
Nav,25,1537,1,21,2,2,5,37,-42,-61,62,73,-54,36,7,55,-11,-78,-128,110,-56,-48,0,0,0,0,10,-86,-86,-102,107,86,-64,64
Nav,12,1537,1,21,2,2,5,-69,58,-49,61,-54,32,38,-82,62,116,-21,89,-17,-34,25,34,28,-99,9,10,-86,-86,-101,-65,53,63,-48
Raw,1790862225999
Raw,1790862226999
Nav,16,1537,1,21,4,4,5,-112,-1,-7,-1,-59,102,-85,-1,125,-91,-121,-1,-27,0,27,61,-110,-65,107,90,-86,-86,-106,43,-95,-14,-80
Nav,25,1537,1,21,4,4,5,25,-1,-84,0,31,102,88,0,44,-36,-57,-1,-17,-80,16,0,0,0,0,10,-86,-86,-100,85,90,-110,-80
Nav,12,1537,1,21,4,4,5,-116,-1,-21,0,5,102,-85,-1,92,2,87,-1,-81,-112,27,127,-56,-100,100,-102,-86,-86,-103,-24,117,-65,-48
Raw,1790862227999
Raw,1790862228999
Nav,16,1537,1,21,6,6,0,0,0,0,0,0,0,18,96,-122,-119,-30,76,35,-110,-88,117,-105,101,117,-54,-86,-86,-108,90,-24,2,-16
Nav,25,1537,1,21,6,6,0,0,0,0,0,0,0,18,96,-122,-119,-30,76,35,-110,-96,0,0,0,0,10,-86,-86,-107,-70,114,82,-16
Nav,12,1537,1,21,6,6,0,0,0,0,0,0,0,18,96,-122,-119,-30,76,35,-110,-93,105,12,-31,73,10,-86,-86,-104,91,75,-97,-48
Raw,1790862229999
Raw,1790862230999
Nav,16,1537,1,21,7,7,26,-111,28,1,-64,96,116,71,-21,32,-37,127,31,-31,69,86,-94,16,-13,91,58,-86,-86,-98,27,-113,96,64
Nav,12,1537,1,21,7,7,26,-111,28,1,-64,96,116,71,-21,32,-37,127,31,-31,69,85,80,-80,-8,122,26,-86,-86,-105,74,95,-113,-48
Raw,1790862231999
Raw,1790862232999
Nav,16,1537,1,21,8,8,31,-4,-17,-1,-127,0,13,3,-28,-31,31,-47,7,107,-2,46,20,100,79,1,10,-86,-86,-109,-23,5,98,-80
Nav,25,1537,1,21,8,8,-1,-4,-17,-1,-127,0,13,3,-28,-31,31,-47,7,107,-2,32,0,0,0,0,10,-86,-86,-98,-82,-63,-126,-80
Nav,12,1537,1,21,8,8,31,-4,-17,-1,-127,0,13,3,-28,-31,31,-47,7,107,-2,43,-12,21,-33,-48,-54,-86,-86,-100,-47,1,79,-48
Raw,1790862233999
Raw,1790862234999
Nav,16,1537,1,21,17,17,66,-87,50,110,-106,6,-89,-74,-40,9,99,-125,20,-92,-65,-3,52,-16,80,-26,26,-86,-86,-108,23,-114,-110,-16
Nav,25,1537,1,21,17,17,109,36,51,67,61,-6,7,-75,16,41,-119,-123,-65,111,2,48,0,0,0,0,10,-86,-86,-102,105,86,18,-16
Nav,12,1537,1,21,0,0,-107,85,85,85,85,85,85,85,85,85,85,86,25,-96,114,-75,-92,-9,12,-40,-54,-86,-86,-110,-34,-12,-97,-48
Raw,1790862235999
Raw,1790862236999
Nav,16,1537,1,21,19,19,62,-66,-24,100,44,-21,-63,86,-71,62,71,-93,105,-93,-100,121,-25,104,65,-112,-6,-86,-86,-104,0,14,-128,64
Nav,25,1537,1,21,19,19,17,10,-14,10,16,-87,10,-93,3,-53,79,-122,16,102,-41,-16,0,0,0,0,10,-86,-86,-108,48,98,64,64
Nav,5,1537,1,21,19,19,88,35,-91,-76,-4,113,-124,101,22,0,-75,12,-64,39,14,-48,0,0,0,0,10,-86,-86,-109,-123,18,48,64
Nav,12,1537,1,21,0,0,-107,85,85,85,85,85,85,85,85,85,85,86,25,-96,114,-37,90,-111,-126,16,-6,-86,-86,-104,47,93,95,-48
Raw,1790862237999
Raw,1790862238999
Nav,25,1537,1,21,16,16,-24,-107,121,-89,-85,18,-105,91,22,82,21,-12,0,102,48,0,0,0,0,0,10,-86,-86,-101,97,-75,18,-80
Nav,16,1537,1,21,16,16,-34,-49,-73,-7,-75,58,-105,57,86,-115,-104,79,-2,-18,-84,13,-117,-17,4,-95,-118,-86,-86,-101,-16,120,-94,-80
Nav,5,1537,1,21,16,16,56,92,-121,-91,-42,105,65,-75,-102,-5,43,76,1,37,-8,0,0,0,0,0,10,-86,-86,-103,-83,-85,66,-80
Nav,3,1537,1,21,16,16,9,35,-112,47,-42,59,65,-75,70,-69,86,115,-1,98,-48,7,31,70,16,19,90,-86,-86,-112,-87,51,34,-80
Nav,12,1537,1,21,0,0,-107,85,85,85,85,85,85,85,85,85,85,86,25,-96,114,-14,74,-7,119,100,74,-86,-86,-105,113,-17,127,-48
Raw,1790862239999
Raw,1790862240999
Nav,16,1537,1,21,0,0,-107,85,85,85,85,85,85,85,85,85,85,86,25,-96,115,18,53,-47,12,101,74,-86,-86,-101,22,90,-126,-16
Nav,25,1537,1,21,0,0,-107,85,85,85,85,85,85,85,85,85,85,86,25,-96,115,16,0,0,0,0,10,-86,-86,-107,-80,-104,-78,-16
Nav,12,1537,1,21,0,0,-107,85,85,85,85,85,85,85,85,85,85,86,25,-96,115,27,98,80,-52,111,42,-86,-86,-107,-85,-21,-33,-48
Nav,5,1537,1,21,0,0,-107,85,85,85,85,85,85,85,85,85,85,86,25,-96,115,16,0,0,0,0,10,-86,-86,-107,-80,-104,-78,-16
Raw,1790862241999
Raw,1790862242999
Nav,25,1537,1,21,0,0,-107,85,85,85,85,85,85,85,85,85,85,86,25,-96,115,48,0,0,0,0,10,-86,-86,-110,123,-106,-128,64
Nav,16,1537,1,21,0,0,-107,85,85,85,85,85,85,85,85,85,85,86,25,-96,115,57,-97,-18,8,5,122,-86,-86,-107,-63,93,-64,64
Nav,12,1537,1,21,0,0,-107,85,85,85,85,85,85,85,85,85,85,86,25,-96,115,56,-13,-122,-78,-5,106,-86,-86,-98,126,83,63,-48
Nav,3,1537,1,21,0,0,-107,85,85,85,85,85,85,85,85,85,85,86,25,-96,115,53,-31,58,106,125,-70,-86,-86,-109,29,3,16,64
Raw,1790862243999
Raw,1790862244999
Nav,16,1537,1,21,1,1,5,-103,-86,-85,1,-37,32,0,46,-55,-125,-86,4,-17,19,124,34,0,-3,-66,-6,-86,-86,-105,-119,113,50,-80
Nav,25,1537,1,21,1,1,5,25,-106,62,-28,-48,39,0,30,-4,-109,-86,4,-20,50,48,0,0,0,0,10,-86,-86,-108,-118,90,-78,-80
Nav,12,1537,1,21,1,1,5,-103,-86,19,58,-87,-5,0,20,-79,70,-86,4,-25,63,-1,-80,64,-3,-66,-6,-86,-86,-104,-32,90,-81,-48
Raw,1790862245999
Raw,1790862246999
Nav,16,1537,1,22,3,3,5,-65,-15,-119,71,-2,-63,-83,6,36,2,-9,2,41,-106,-71,95,-67,-30,-99,42,-86,-86,-99,-57,8,98,-16
Nav,12,1537,1,22,3,3,5,-65,-16,7,-57,-88,-1,101,-65,-1,-53,64,127,99,118,-79,-81,-67,-30,-99,42,-86,-86,-107,30,-117,31,-48
Raw,1790862247999
Raw,1790862248999
Nav,16,1537,1,22,5,5,32,-65,-104,34,-96,126,31,-96,11,12,-64,-25,42,-86,-86,-93,-4,-70,78,-62,42,-86,-86,-101,110,99,16,64
Nav,12,1537,1,22,5,5,32,-65,-104,34,-96,121,-66,88,11,12,-64,-25,42,-86,-86,-82,76,-70,78,-62,42,-86,-86,-100,109,56,111,-48
Raw,1790862249999
Raw,1790862250999
Nav,25,1537,1,22,0,0,-107,85,85,85,85,85,85,85,85,85,85,86,25,-96,115,-80,0,0,0,0,10,-86,-86,-107,51,97,-14,-80
Nav,16,1537,1,22,0,0,-107,85,85,85,85,85,85,85,85,85,85,86,25,-96,115,-67,-84,103,-116,-97,106,-86,-86,-98,11,77,-14,-80
Nav,12,1537,1,22,0,0,-107,85,85,85,85,85,85,85,85,85,85,86,25,-96,115,-70,-68,103,-116,-97,106,-86,-86,-103,-126,-39,31,-48
Nav,5,1537,1,22,0,0,-107,85,85,85,85,85,85,85,85,85,85,86,25,-96,115,-80,0,0,0,0,10,-86,-86,-107,51,97,-14,-80
Nav,3,1537,1,22,0,0,-107,85,85,85,85,85,85,85,85,85,85,86,25,-96,115,-66,-52,103,-116,-97,106,-86,-86,-98,105,85,34,-80
Raw,1790862251999
Raw,1790862252999
Nav,25,1537,1,22,16,16,-24,-107,121,-89,-85,18,-105,91,22,82,21,-12,0,102,48,0,0,0,0,0,10,-86,-86,-101,97,-75,18,-16
Nav,16,1537,1,22,16,16,-34,-49,-73,-7,-75,58,-105,57,86,-115,-104,79,-2,-18,-84,1,28,-21,96,0,10,-86,-86,-103,99,-48,-126,-16
Nav,12,1537,1,22,0,0,-107,85,85,85,85,85,85,85,85,85,85,86,25,-96,115,-44,76,-21,96,0,10,-86,-86,-111,-95,65,-33,-48
Nav,5,1537,1,22,16,16,56,92,-121,-91,-42,105,65,-75,-102,-5,43,76,1,37,-8,0,0,0,0,0,10,-86,-86,-103,-83,-85,66,-16
Raw,1790862253999
Raw,1790862254999
Nav,25,1537,1,22,2,2,5,37,-42,-61,62,73,-54,36,7,55,-11,-78,-128,110,-56,-48,0,0,0,0,10,-86,-86,-102,107,86,-64,64
Nav,16,1537,1,22,2,2,5,-91,-50,98,-67,-119,-49,59,64,101,-30,-79,-69,46,119,-39,44,-25,-9,-48,-70,-86,-86,-109,-127,31,96,64
Nav,5,1537,1,22,2,2,5,16,109,111,126,73,-33,-70,-70,-118,-105,28,-12,-31,62,-48,0,0,0,0,10,-86,-86,-106,75,69,0,64
Nav,3,1537,1,22,2,2,5,-112,109,98,-70,-55,-33,-78,4,74,-27,-26,25,97,98,25,46,1,-82,-127,10,-86,-86,-101,66,-126,80,64
Raw,1790862255999
Raw,1790862256999
Nav,25,1537,1,22,4,4,5,25,-1,-84,0,31,102,88,0,44,-36,-57,-1,-17,-80,16,0,0,0,0,10,-86,-86,-100,85,90,-110,-80
Nav,16,1537,1,22,4,4,5,-112,-1,-7,-1,-59,102,-85,-1,125,-91,-121,-1,-27,0,27,74,-102,-31,121,26,-86,-86,-110,-19,94,82,-80
Nav,12,1537,1,22,4,4,5,-116,-1,-21,0,5,102,-85,-1,92,2,87,-1,-81,-112,27,7,53,-41,117,-22,-86,-86,-102,120,109,-65,-48
Nav,5,1537,1,22,4,4,5,5,-1,-1,-1,-23,102,88,0,-116,-31,56,0,43,-64,16,0,0,0,0,10,-86,-86,-104,-83,-28,-62,-80
Nav,3,1537,1,22,4,4,5,-125,-1,-22,-1,-24,102,-85,-1,-91,109,63,-1,-26,-32,27,121,-22,-53,127,106,-86,-86,-107,116,105,-126,-80
Raw,1790862257999
Raw,1790862258999
Nav,25,1537,1,22,6,6,0,0,0,0,0,0,0,18,96,-122,-119,-30,76,35,-95,-96,0,0,0,0,10,-86,-86,-103,-46,-53,50,-16
Nav,12,1537,1,22,6,6,0,0,0,0,0,0,0,18,96,-122,-119,-30,76,35,-95,-94,32,119,46,-21,-70,-86,-86,-107,103,-3,-49,-48
Nav,16,1537,1,22,6,6,0,0,0,0,0,0,0,18,96,-122,-119,-30,76,35,-95,-81,127,-102,-7,68,-118,-86,-86,-112,57,-113,-110,-16
Nav,5,1537,1,22,6,6,0,0,0,0,0,0,0,18,96,-122,-119,-30,76,35,-95,-96,0,0,0,0,10,-86,-86,-103,-46,-53,50,-16
Raw,1790862259999
Raw,1790862260999
Nav,12,1537,1,22,9,9,26,-111,18,34,-1,-121,-1,-16,18,0,-48,62,67,-30,-1,69,0,80,-4,-122,-70,-86,-86,-108,1,9,95,-48
Nav,25,1537,1,22,9,9,-6,-113,12,19,-1,-121,-1,-16,18,0,-48,62,67,-31,-1,64,0,0,0,0,10,-86,-86,-107,-105,-11,112,64
Nav,16,1537,1,22,9,9,26,-111,18,34,-1,-121,-1,-16,18,0,-48,62,67,-30,-1,75,16,80,-6,36,-102,-86,-86,-104,120,114,-32,64
Nav,5,1537,1,22,9,9,-6,-113,12,19,-1,-121,-1,-16,18,0,-48,62,67,-31,-1,64,0,0,0,0,10,-86,-86,-107,-105,-11,112,64
Raw,1790862261999
Raw,1790862262999
Nav,12,1537,1,22,10,10,20,29,-65,-30,-18,-19,-1,78,0,-80,-1,-94,-2,-27,-32,100,-99,39,-68,96,-70,-86,-86,-106,36,-25,95,-48
Nav,25,1537,1,22,10,10,-12,29,-65,-30,-30,-47,-1,78,0,-80,-1,-94,-2,-27,-32,96,0,0,0,0,10,-86,-86,-100,-128,33,82,-80
Nav,16,1537,1,22,10,10,20,29,-65,-30,-18,-19,-1,78,0,-80,-1,-94,-2,-27,-32,102,-109,104,-31,114,26,-86,-86,-112,124,71,66,-80
Nav,5,1537,1,22,10,10,-12,29,-65,-30,-30,-47,-1,78,0,-80,-1,-94,-2,-27,-32,96,0,0,0,0,10,-86,-86,-100,-128,33,82,-80
Raw,1790862263999
Raw,1790862264999
Nav,25,1537,1,22,18,18,-118,47,15,65,-111,-28,30,7,9,33,3,61,-92,44,-102,-112,0,0,0,0,10,-86,-86,-110,83,-89,34,-16
Nav,16,1537,1,22,18,18,80,-126,47,1,-48,-106,-89,-83,19,-66,-64,-33,-43,111,-14,-93,0,-8,42,-101,90,-86,-86,-109,92,114,-14,-16
Nav,12,1537,1,22,0,0,-107,85,85,85,85,85,85,85,85,85,85,86,25,-96,116,-110,32,-5,94,115,122,-86,-86,-101,92,15,-49,-48
Raw,1790862265999
Raw,1790862266999
Nav,25,1537,1,22,20,20,115,15,-35,-52,85,-86,-104,52,-81,-87,123,13,-24,-83,-8,80,0,0,0,0,10,-86,-86,-110,27,-91,-32,64
Nav,16,1537,1,22,20,20,16,-126,-104,-8,125,9,73,-110,-84,10,45,85,13,-84,-16,85,100,-110,17,12,122,-86,-86,-112,63,-71,0,64
Nav,12,1537,1,22,0,0,-107,85,85,85,85,85,85,85,85,85,85,86,25,-96,116,-80,89,-9,-32,-52,122,-86,-86,-99,95,-27,-65,-48
Raw,1790862267999
Raw,1790862268999
Nav,12,1537,1,22,0,0,-107,85,85,85,85,85,85,85,85,85,85,86,25,-96,116,-40,109,-111,123,-117,10,-86,-86,-105,1,-82,-97,-48
Nav,16,1537,1,22,16,16,-34,-49,-9,-5,-75,58,-105,57,86,-115,-27,-29,-2,-18,-88,5,-101,-56,-20,-9,-102,-86,-86,-111,-9,33,66,-80
Raw,1790862269999
Raw,1790862270999
Nav,12,1537,1,23,0,0,-107,85,85,85,85,85,85,85,85,85,85,86,25,-96,116,-10,-43,-78,16,-14,-54,-86,-86,-110,-51,-19,-49,-48
Nav,25,1537,1,23,0,0,-107,85,85,85,85,85,85,85,85,85,85,86,25,-96,116,-16,0,0,0,0,10,-86,-86,-101,-3,-91,-30,-16
Nav,16,1537,1,23,0,0,-107,85,85,85,85,85,85,85,85,85,85,86,25,-96,116,-9,-111,1,-112,-10,106,-86,-86,-110,-72,-24,114,-16
Raw,1790862271999
Raw,1790862272999
Nav,25,1537,1,23,0,0,-107,85,85,85,85,85,85,85,85,85,85,86,25,-96,117,16,0,0,0,0,10,-86,-86,-102,121,-82,32,64
Nav,16,1537,1,23,0,0,-107,85,85,85,85,85,85,85,85,85,85,86,25,-96,117,21,37,-34,-82,-110,74,-86,-86,-107,-113,-127,48,64
Raw,1790862273999
Raw,1790862274999
Nav,25,1537,1,23,1,1,5,25,-106,62,-28,-48,39,0,30,-4,-109,-86,4,-20,50,48,0,0,0,0,10,-86,-86,-108,-118,90,-78,-80
Nav,16,1537,1,23,1,1,5,-103,-86,-85,1,-37,32,0,46,-55,-125,-86,4,-17,19,127,114,28,-2,113,42,-86,-86,-109,-128,67,-62,-80
Raw,1790862275999
Raw,1790862276999
Nav,12,1537,1,23,3,3,5,-65,-16,7,-57,-88,-1,101,-65,-1,-53,64,127,99,118,-66,48,-12,2,-22,-22,-86,-86,-110,15,-11,111,-48
Nav,25,1537,1,23,3,3,5,63,-15,-101,-57,-22,-63,-95,69,-14,-125,10,-62,32,22,-80,0,0,0,0,10,-86,-86,-106,-112,98,82,-16
Nav,16,1537,1,23,3,3,5,-65,-15,-119,71,-2,-63,-83,6,36,2,-9,2,41,-106,-80,48,-12,2,-22,-22,-86,-86,-109,-121,71,18,-16
Raw,1790862277999
Raw,1790862278999
Nav,12,1537,1,23,5,5,32,-65,-104,34,-96,121,-66,88,11,12,-64,-22,-22,-86,-86,-93,103,-93,-26,-68,10,-86,-86,-111,-73,28,31,-48
Nav,16,1537,1,23,5,5,32,-65,-104,34,-96,126,31,-96,11,12,-64,-22,-22,-86,-86,-94,-9,-93,-26,-68,10,-86,-86,-108,111,-11,96,64
Nav,25,1537,1,23,5,5,32,-65,-104,34,-96,0,-32,48,11,12,-64,-22,-22,-86,-86,-96,0,0,0,0,10,-86,-86,-105,36,87,-48,64
Raw,1790862279999
Raw,1790862280999
Nav,12,1537,1,23,0,0,-107,85,85,85,85,85,85,85,85,85,85,86,25,-96,117,-106,-115,96,27,6,-6,-86,-86,-112,109,88,95,-48
Nav,25,1537,1,23,0,0,-107,85,85,85,85,85,85,85,85,85,85,86,25,-96,117,-112,0,0,0,0,10,-86,-86,-99,49,89,82,-80
Nav,16,1537,1,23,0,0,-107,85,85,85,85,85,85,85,85,85,85,86,25,-96,117,-109,77,96,27,6,-6,-86,-86,-101,-123,-65,-46,-80
Raw,1790862281999
Raw,1790862282999
Nav,25,1537,1,23,16,16,-24,-107,121,-95,-85,17,-105,91,18,82,99,-116,0,102,64,0,0,0,0,0,10,-86,-86,-108,37,41,98,-16
Raw,1790862283999
Raw,1790862284999
Nav,12,1537,1,23,2,2,5,-69,58,-49,61,-54,32,38,-82,62,116,-21,89,-17,-34,25,32,127,-112,61,42,-86,-86,-104,49,-74,47,-48
Nav,25,1537,1,23,2,2,5,37,-42,-61,62,73,-54,36,7,55,-11,-78,-128,110,-56,-48,0,0,0,0,10,-86,-86,-102,107,86,-64,64
Nav,16,1537,1,23,2,2,5,-91,-50,98,-67,-119,-49,59,64,101,-30,-79,-69,46,119,-39,47,44,-79,-89,74,-86,-86,-97,-37,68,-80,64
Raw,1790862285999
Raw,1790862286999
Nav,12,1537,1,23,4,4,5,-116,-1,-21,0,5,102,-85,-1,92,2,87,-1,-81,-112,27,30,121,-82,-113,-54,-86,-86,-107,-99,-70,95,-48
Nav,25,1537,1,23,4,4,5,25,-1,-84,0,31,102,88,0,44,-36,-57,-1,-17,-80,16,0,0,0,0,10,-86,-86,-100,85,90,-110,-80
Nav,16,1537,1,23,4,4,5,-112,-1,-7,-1,-59,102,-85,-1,125,-91,-121,-1,-27,0,27,85,-126,-99,-116,-54,-86,-86,-106,68,82,50,-80
Raw,1790862287999
Raw,1790862288999
Nav,12,1537,1,23,6,6,0,0,0,0,0,0,0,18,96,-122,-119,-30,76,35,-80,-92,118,-17,-84,-42,-70,-86,-86,-110,-112,12,127,-48
Nav,25,1537,1,23,6,6,0,0,0,0,0,0,0,18,96,-122,-119,-30,76,35,-80,-96,0,0,0,0,10,-86,-86,-107,-42,-26,-126,-16
Raw,1790862289999
Raw,1790862290999
Nav,12,1537,1,23,7,7,26,-111,40,1,0,70,38,52,51,118,110,-1,7,98,81,95,96,-80,-12,125,26,-86,-86,-102,-23,104,-113,-48
Raw,1790862291999
Raw,1790862292999
Nav,12,1537,1,23,8,8,31,-27,15,-1,-127,96,10,1,38,-104,97,95,-77,-85,-2,3,67,-106,-39,-48,-54,-86,-86,-105,16,48,31,-48
Nav,3,1537,1,23,8,8,31,-27,15,-1,-127,96,10,1,38,-104,97,95,-77,-85,-2,4,-107,-45,105,-64,52,-97,-125,16,-89,73,-126,-80
Raw,1790862293999
Raw,1790862294999
Nav,16,1537,1,24,17,17,66,-87,50,110,-106,6,-89,-74,-40,9,99,-125,20,-92,-65,-6,84,-1,-90,39,-25,98,88,16,-115,-5,-110,-16
Raw,1790862295999
Raw,1790862296999
Raw,1790862297999
Raw,1790862298999
Raw,1790862299999
Raw,1790862300999
Raw,1790862301999
Raw,1790862302999
Nav,12,1537,1,24,0,0,-107,85,85,85,85,85,85,85,85,85,85,86,25,-96,118,-16,-35,-73,-65,-119,-86,-86,-86,-97,35,-25,31,-48
Raw,1790862303999
Raw,1790862304999
Nav,16,1537,1,24,1,1,5,-103,-86,-85,1,-37,32,0,46,-55,-125,-86,4,-17,19,116,-46,0,-6,122,7,-128,0,92,24,108,-30,-80
Nav,12,1537,1,24,1,1,5,-103,-86,19,58,-87,-5,0,20,-79,70,-86,4,-25,63,-13,32,64,-6,122,10,-86,-86,-98,22,71,-81,-48
Nav,25,1537,1,24,1,1,5,25,-106,62,-28,-48,39,0,30,-4,-109,-86,4,-20,50,48,0,0,0,0,10,-86,-86,-108,-118,90,-78,-80
Raw,1790862305999
Raw,1790862306999
Raw,1790862307999
Raw,1790862308999
Nav,3,1537,1,24,5,5,32,-65,-104,34,-96,0,64,24,11,12,-64,-18,-86,-86,-86,-93,102,5,-119,107,-14,-99,24,-48,84,-115,32,64
Raw,1790862309999
Raw,1790862310999
Nav,3,1537,1,24,0,0,-107,85,85,85,85,85,85,85,85,85,85,86,25,-96,119,118,-127,35,-5,30,-32,60,116,29,-89,8,-30,-80
Raw,1790862311999
Raw,1790862312999
Nav,3,1537,1,24,16,16,9,34,-112,49,-42,59,65,-75,70,-69,-15,-93,-1,98,-72,15,32,-43,32,0,3,-43,64,-43,-48,84,2,-16
Raw,1790862313999
Raw,1790862314999
Nav,3,1537,1,24,2,2,5,-112,109,98,-70,-55,-33,-78,4,74,-27,-26,25,97,98,25,46,-75,46,33,-86,-86,-86,-110,76,-97,-96,64
Raw,1790862315999
Raw,1790862316999
Nav,3,1537,1,24,4,4,5,-125,-1,-22,-1,-24,102,-85,-1,-91,109,63,-1,-26,-32,27,16,126,-120,-102,-70,-86,-86,-110,-39,-98,50,-80
Raw,1790862317999
Raw,1790862318999
Raw,1790862319999
Raw,1790862320999
Nav,12,1537,1,25,9,9,26,-111,-73,-57,11,-21,0,64,24,0,-96,21,-13,-86,5,117,-32,80,-7,73,-54,-86,-86,-111,76,-31,31,-48
Raw,1790862321999
Raw,1790862322999
Nav,3,1537,1,25,10,10,30,-50,-65,-32,38,119,-1,-81,-1,-16,-1,-94,-2,-27,-32,99,72,12,-98,17,-102,-86,-86,-106,122,-98,-46,-80
Raw,1790862323999
Raw,1790862324999
Nav,16,1537,1,25,18,18,80,-126,47,1,-48,-106,-89,-83,19,-66,-64,-33,-43,111,-14,-94,-48,-2,33,121,-6,-86,-86,-110,90,37,-126,-16
Nav,3,1537,1,25,18,18,-67,-90,-62,-104,8,5,-77,44,-116,-101,-71,88,-128,105,-99,56,80,-4,-7,-98,-102,-86,-86,-99,-82,51,66,-16
Nav,12,1537,1,25,0,0,-107,85,85,85,85,85,85,85,85,85,85,86,25,-96,120,86,16,-2,72,100,-54,-86,-86,-105,70,-15,127,-48
Raw,1790862325999
Raw,1790862326999
Raw,1790862327999
Raw,1790862328999
Raw,1790862329999
Raw,1790862330999
Nav,12,1537,1,25,0,0,-107,85,85,85,85,85,85,85,85,85,85,86,25,-96,120,-74,14,-62,16,-4,58,-86,-86,-100,87,40,-81,-48
Nav,16,1537,1,25,0,0,-107,85,85,85,85,85,85,85,85,85,85,86,25,-96,120,-78,123,-63,-112,-10,-70,-86,-86,-108,113,21,34,-16
Nav,5,1537,1,25,0,0,-107,85,85,85,85,85,85,85,85,85,85,86,25,-96,120,-80,0,0,0,0,10,-86,-86,-109,-99,27,18,-16
Raw,1790862331999
Raw,1790862332999
Nav,16,1537,1,25,0,0,-107,85,85,85,85,85,85,85,85,85,85,86,25,-96,120,-43,-20,91,-103,-111,-118,-86,-86,-108,73,-69,80,64
Nav,12,1537,1,25,0,0,-107,85,85,85,85,85,85,85,85,85,85,86,25,-96,120,-46,39,111,-85,61,10,-86,-86,-112,110,-50,-33,-48
Nav,5,1537,1,25,0,0,-107,85,85,85,85,85,85,85,85,85,85,86,25,-96,120,-48,0,0,0,0,10,-86,-86,-101,-64,9,64,64
Raw,1790862333999
Raw,1790862334999
Nav,16,1537,1,25,1,1,5,-103,-86,-85,1,-37,32,0,46,-55,-125,-86,4,-17,19,122,114,28,-3,-88,42,-86,-86,-105,31,33,34,-80
Nav,3,1537,1,25,1,1,5,-103,-86,45,-44,81,-83,0,72,-16,13,-86,4,-21,28,51,33,-100,-3,-88,42,-86,-86,-103,-117,117,82,-80
Nav,5,1537,1,25,1,1,5,25,-106,72,-23,-29,40,0,35,-93,75,-86,4,-21,12,48,0,0,0,0,10,-86,-86,-98,56,-34,2,-80
Nav,12,1537,1,25,1,1,5,-103,-86,19,58,-87,-5,0,20,-79,70,-86,4,-25,63,-4,112,-68,-3,-88,42,-86,-86,-99,127,120,95,-48
Raw,1790862335999
Raw,1790862336999
Nav,16,1537,1,25,3,3,5,-65,-15,-119,71,-2,-63,-83,6,36,2,-9,2,41,-106,-77,-13,-41,-107,61,-38,-86,-86,-104,66,8,-78,-16
Nav,3,1537,1,25,3,3,5,-65,-15,26,72,-90,63,15,68,77,5,69,-66,-30,-42,-69,67,-41,-107,61,-38,-86,-86,-97,-81,-120,2,-16
Nav,5,1537,1,25,3,3,5,63,-15,53,-56,112,-65,6,68,46,-123,105,62,-29,86,-80,0,0,0,0,10,-86,-86,-111,-54,-11,34,-16
Nav,12,1537,1,25,3,3,5,-65,-16,7,-57,-88,-1,101,-65,-1,-53,64,127,99,118,-79,-125,-41,-107,61,-38,-86,-86,-103,-54,-58,-97,-48
Raw,1790862337999
Raw,1790862338999
Nav,16,1537,1,25,5,5,32,-65,-104,34,-96,126,31,-96,11,12,-64,-14,106,-86,-86,-92,44,-47,80,26,-6,-86,-86,-101,-103,-5,64,64
Nav,12,1537,1,25,5,5,32,-65,-104,34,-96,121,-66,88,11,12,-64,-14,106,-86,-86,-91,-20,-47,80,26,-6,-86,-86,-100,-102,-36,111,-48
Nav,3,1537,1,25,5,5,32,-65,-104,34,-96,0,64,24,11,12,-64,-14,106,-86,-86,-96,-36,-47,80,26,-6,-86,-86,-112,34,-52,0,64
Nav,5,1537,1,25,5,5,32,-65,-104,34,-96,1,0,56,11,12,-64,-14,106,-86,-86,-96,0,0,0,0,10,-86,-86,-104,-25,48,48,64
Raw,1790862339999
Raw,1790862340999
Nav,16,1537,1,25,0,0,-107,85,85,85,85,85,85,85,85,85,85,86,25,-96,121,94,-63,-125,-14,78,-118,-86,-86,-110,58,-43,66,-80
Nav,12,1537,1,25,0,0,-107,85,85,85,85,85,85,85,85,85,85,86,25,-96,121,94,-79,-125,-14,78,-118,-86,-86,-106,36,-95,79,-48
Nav,3,1537,1,25,0,0,-107,85,85,85,85,85,85,85,85,85,85,86,25,-96,121,81,97,-125,-14,78,-118,-86,-86,-104,-65,-105,-110,-80
Nav,5,1537,1,25,0,0,-107,85,85,85,85,85,85,85,85,85,85,86,25,-96,121,80,0,0,0,0,10,-86,-86,-110,25,16,-46,-80
Raw,1790862341999
Raw,1790862342999
Nav,16,1537,1,26,16,16,-34,-48,-73,-1,-75,58,-105,57,84,-114,-127,11,-2,-18,-96,1,-17,43,80,0,10,-86,-86,-112,-73,-25,-78,-16
Nav,3,1537,1,26,16,16,9,34,80,53,-42,59,65,-75,70,-68,63,55,-1,98,-84,2,63,43,80,0,10,-86,-86,-101,30,109,-46,-16
Nav,5,1537,1,26,16,16,64,92,71,-99,-42,105,65,-75,-102,-4,20,20,1,38,-48,16,0,0,0,0,10,-86,-86,-106,2,14,-30,-16
Nav,12,1537,1,26,0,0,-107,85,85,85,85,85,85,85,85,85,85,86,25,-96,121,115,79,43,80,0,10,-86,-86,-102,-77,70,95,-48
Raw,1790862343999
Raw,1790862344999
Nav,12,1537,1,26,2,2,5,-69,58,-49,61,-54,32,38,-82,62,116,-21,89,-17,-34,25,33,15,120,-46,-38,-86,-86,-111,-98,-90,-33,-48
Nav,3,1537,1,26,2,2,5,-112,109,98,-70,-55,-33,-78,4,74,-27,-26,25,97,98,25,37,-100,-88,-90,10,-86,-86,-112,-92,12,-96,64
Nav,5,1537,1,26,2,2,5,16,109,111,126,73,-33,-70,-70,-118,-105,28,-12,-31,62,-48,0,0,0,0,10,-86,-86,-106,75,69,0,64
Raw,1790862345999
Raw,1790862346999
Nav,16,1537,1,26,4,4,5,-112,-1,-7,-1,-59,102,-85,-1,125,-91,-121,-1,-27,0,27,117,36,-70,-84,-22,-86,-86,-112,-121,59,-30,-80
Nav,12,1537,1,26,4,4,5,-116,-1,-21,0,5,102,-85,-1,92,2,87,-1,-81,-112,27,57,92,118,-90,-102,-86,-86,-97,81,-57,-97,-48
Nav,3,1537,1,26,4,4,5,-125,-1,-22,-1,-24,102,-85,-1,-91,109,63,-1,-26,-32,27,39,57,50,-81,42,-86,-86,-102,92,79,98,-80
Nav,5,1537,1,26,4,4,5,5,-1,-1,-1,-23,102,88,0,-116,-31,56,0,43,-64,16,0,0,0,0,10,-86,-86,-104,-83,-28,-62,-80
Raw,1790862347999
Raw,1790862348999
Nav,16,1537,1,26,6,6,0,0,0,0,0,0,0,18,96,-122,-119,-30,76,35,-50,-93,101,29,121,-77,-86,-86,-86,-102,-88,-10,-110,-16
Nav,5,1537,1,26,6,6,0,0,0,0,0,0,0,18,96,-122,-119,-30,76,35,-50,-96,0,0,0,0,10,-86,-86,-102,-114,30,-46,-16
Nav,12,1537,1,26,6,6,0,0,0,0,0,0,0,18,96,-122,-119,-30,76,35,-50,-88,120,-110,-35,-9,-118,-86,-86,-98,-27,89,-65,-48
Raw,1790862349999
Raw,1790862350999
Nav,16,1537,1,26,7,7,26,-111,52,0,-64,67,6,20,51,-10,121,127,10,-81,105,85,81,2,28,-59,-86,-86,-86,-104,-122,-102,-96,64
Nav,12,1537,1,26,7,7,26,-111,52,0,-64,67,6,20,51,-10,121,127,10,-81,105,86,-96,-80,-2,50,58,-86,-86,-110,-118,0,-49,-48
Raw,1790862351999
Raw,1790862352999
Nav,16,1537,1,26,8,8,31,-3,-48,0,0,10,-86,-86,-86,-86,-86,-86,-86,-86,-86,-85,-5,127,-32,65,10,-86,-86,-111,120,116,18,-80
Nav,12,1537,1,26,8,8,31,-3,-48,0,0,10,-86,-86,-86,-86,-86,-86,-86,-86,-86,-82,18,45,112,80,-54,-86,-86,-104,77,-54,127,-48
Nav,3,1537,1,26,8,8,31,-3,-48,0,0,10,-86,-86,-86,-86,-86,-86,-86,-86,-86,-83,-103,47,-10,112,58,-86,-86,-106,-63,-8,34,-80
Nav,5,1537,1,26,8,8,-1,-3,-48,0,0,10,-86,-86,-86,-86,-86,-86,-86,-86,-86,-96,0,0,0,0,10,-86,-86,-111,0,-52,-110,-80
Nav,32,1537,1,26,8,8,-65,-3,-48,0,0,10,-86,-86,-86,-86,-86,-86,-86,-86,-86,-96,0,0,0,0,10,-86,-86,-102,43,38,34,-80
Raw,1790862353999
Raw,1790862354999
Nav,16,1537,1,26,17,17,66,-87,50,110,-106,6,-89,-74,-40,9,99,-125,20,-92,-65,-11,-92,-1,-28,22,-118,-86,-86,-99,-57,-14,66,-16
Nav,12,1537,1,26,0,0,-107,85,85,85,85,85,85,85,85,85,85,86,25,-96,122,61,52,-13,-35,31,90,-86,-86,-97,76,-90,-1,-48
Nav,3,1537,1,26,17,17,100,-76,-123,-40,-37,116,-100,-44,17,113,-66,10,-8,-25,11,-26,20,-8,-21,-43,-86,-86,-86,-101,95,116,-62,-16
Raw,1790862355999
Raw,1790862356999
Nav,16,1537,1,26,19,19,62,-66,-24,100,44,-21,-63,86,-71,62,71,-93,105,-93,-100,123,84,97,82,16,-6,-86,-86,-108,-101,-18,64,64
Nav,12,1537,1,26,0,0,-107,85,85,85,85,85,85,85,85,85,85,86,25,-96,122,89,-29,111,2,16,-6,-86,-86,-108,23,36,95,-48
Nav,3,1537,1,26,19,19,42,-110,124,-105,61,-4,-122,-29,-80,58,-69,0,-61,38,35,83,28,18,-47,-112,-6,-86,-86,-111,98,16,-80,64
Nav,32,1537,1,26,19,19,57,38,103,101,51,56,92,109,-125,-21,119,-108,85,-21,-101,64,0,0,0,0,10,-86,-86,-105,24,79,-48,64
Raw,1790862357999
Raw,1790862358999
Nav,16,1537,1,26,16,16,-34,-48,-72,1,-75,58,-105,57,84,-114,-50,-93,-2,-18,-104,2,69,-18,82,97,-102,-86,-86,-105,123,-77,-78,-80
Nav,12,1537,1,26,0,0,-107,85,85,85,85,85,85,85,85,85,85,86,25,-96,122,125,-115,113,-50,92,-6,-86,-86,-97,-22,46,-49,-48
Nav,3,1537,1,26,16,16,9,34,16,55,-42,60,65,-75,68,-68,-116,-49,-1,98,-92,14,-22,46,91,-44,-38,-86,-86,-99,103,-89,2,-80
Nav,32,1537,1,26,16,16,-24,24,71,-107,108,-62,66,100,-84,-102,72,-1,-1,-84,56,0,0,0,0,0,10,-86,-86,-109,38,-111,2,-80
Nav,5,1537,1,26,16,16,64,92,71,-101,-42,104,65,-75,-102,-4,97,-84,1,38,-48,16,0,0,0,0,10,-86,-86,-108,-80,-48,50,-80
Raw,1790862359999
Raw,1790862360999
Nav,16,1537,1,26,0,0,-107,85,85,85,85,85,85,85,85,85,85,86,25,-96,122,-101,101,97,12,-92,74,-86,-86,-112,30,31,-126,-16
Nav,12,1537,1,26,0,0,-107,85,85,85,85,85,85,85,85,85,85,86,25,-96,122,-110,57,-16,-52,-83,90,-86,-86,-112,110,-54,-17,-48
Nav,3,1537,1,26,0,0,-107,85,85,85,85,85,85,85,85,85,85,86,25,-96,122,-106,7,-32,60,-90,26,-86,-86,-110,32,89,114,-16
Nav,32,1537,1,26,0,0,-107,85,85,85,85,85,85,85,85,85,85,86,25,-96,122,-112,0,0,0,0,10,-86,-86,-111,17,7,82,-16
Nav,5,1537,1,26,0,0,-107,85,85,85,85,85,85,85,85,85,85,86,25,-96,122,-112,0,0,0,0,10,-86,-86,-111,17,7,82,-16
Raw,1790862361999
Raw,1790862362999
Nav,16,1537,1,26,0,0,-107,85,85,85,85,85,85,85,85,85,85,86,25,-96,122,-72,-4,57,-51,-39,-6,-86,-86,-99,84,-11,-64,64
Nav,12,1537,1,26,0,0,-107,85,85,85,85,85,85,85,85,85,85,86,25,-96,122,-71,-111,-63,-63,-34,10,-86,-86,-97,-66,107,-17,-48
Nav,3,1537,1,26,0,0,-107,85,85,85,85,85,85,85,85,85,85,86,25,-96,122,-78,32,24,68,52,-6,-86,-86,-98,24,10,64,64
Nav,32,1537,1,26,0,0,-107,85,85,85,85,85,85,85,85,85,85,86,25,-96,122,-80,0,0,0,0,10,-86,-86,-106,-38,9,96,64
Nav,5,1537,1,26,0,0,-107,85,85,85,85,85,85,85,85,85,85,86,25,-96,122,-80,0,0,0,0,10,-86,-86,-106,-38,9,96,64
Raw,1790862363999
Raw,1790862364999
Nav,16,1537,1,26,1,1,5,-103,-86,-85,1,-37,32,0,46,-55,-125,-86,4,-17,19,127,-79,-112,-13,-31,-54,-86,-86,-111,114,88,-46,-80
Nav,12,1537,1,26,1,1,5,-103,-86,19,58,-87,-5,0,20,-79,70,-86,4,-25,63,-4,33,-112,-13,-31,-54,-86,-86,-98,43,-7,63,-48
Nav,3,1537,1,26,1,1,5,-103,-86,45,-44,81,-83,0,72,-16,13,-86,4,-21,28,60,114,0,-13,-31,-54,-86,-86,-102,94,-29,-62,-80
Raw,1790862365999
Raw,1790862366999
Nav,16,1537,1,27,3,3,5,-65,-15,-119,71,-2,-63,-83,6,36,2,-9,2,41,-106,-79,-87,68,-96,27,-118,-86,-86,-112,-51,-44,-62,-16
Nav,12,1537,1,27,3,3,5,-65,-16,7,-57,-88,-1,101,-65,-1,-53,64,127,99,118,-71,89,68,-96,27,-118,-86,-86,-104,20,87,-65,-48
Nav,3,1537,1,27,3,3,5,-65,-15,26,72,-90,63,15,68,77,5,69,-66,-30,-42,-79,-119,68,-96,27,-118,-127,13,29,-90,117,-78,-16
Nav,32,1537,1,27,3,3,4,63,-16,-126,73,-56,-1,-124,68,78,-60,-14,-1,101,-58,-80,0,0,0,0,10,-86,-86,-105,110,51,-110,-16
Raw,1790862367999
Raw,1790862368999
Nav,16,1537,1,27,5,5,32,-65,-104,34,-96,126,31,-96,11,12,-64,-10,42,-86,-86,-82,69,118,-119,-115,90,-86,-86,-101,-99,-11,-16,64
Nav,3,1537,1,27,5,5,32,-65,-104,34,-96,0,64,24,11,12,-64,-10,42,-86,-86,-91,-27,118,-119,-115,83,58,-40,-41,105,52,-64,64
Nav,12,1537,1,27,5,5,32,-65,-104,34,-96,121,-66,88,11,12,-64,-10,42,-86,-86,-93,-11,118,-119,-115,90,-86,-86,-100,-98,-82,-113,-48
Nav,32,1537,1,27,5,5,32,-65,-104,34,-96,126,-97,-80,11,12,-64,-10,42,-86,-86,-96,0,0,0,0,10,-86,-86,-109,115,-96,112,64
Raw,1790862369999
Raw,1790862370999
Nav,16,1537,1,27,0,0,-107,85,85,85,85,85,85,85,85,85,85,86,25,-96,123,58,-74,12,-84,-84,10,-86,-86,-100,-54,-5,-78,-80
Nav,3,1537,1,27,0,0,-107,85,85,85,85,85,85,85,85,85,85,86,25,-96,123,62,-74,12,-84,-84,0,60,100,20,93,-126,-30,-80
Nav,12,1537,1,27,0,0,-107,85,85,85,85,85,85,85,85,85,85,86,25,-96,123,61,-90,12,-84,-84,10,-86,-86,-101,67,111,95,-48
Nav,32,1537,1,27,0,0,-107,85,85,85,85,85,85,85,85,85,85,86,25,-96,123,48,0,0,0,0,10,-86,-86,-97,3,16,-14,-80
Raw,1790862371999
Raw,1790862372999
Nav,16,1537,1,27,16,16,-34,-48,-72,1,-75,58,-105,57,84,-114,-50,-93,-2,-18,-104,4,65,11,-112,0,10,-86,-86,-98,-125,-116,-62,-16
Nav,12,1537,1,27,0,0,-107,85,85,85,85,85,85,85,85,85,85,86,25,-96,123,81,17,11,-112,0,10,-86,-86,-98,118,110,-1,-48
Nav,3,1537,1,27,16,16,9,34,16,55,-42,60,65,-75,68,-68,-116,-49,-1,98,-92,3,65,11,-112,0,3,-43,64,-111,73,-74,-126,-16
Raw,1790862373999
Raw,1790862374998
Nav,12,1537,1,27,2,2,5,-69,58,-49,61,-54,32,38,-82,62,116,-21,89,-17,-34,25,47,-37,-72,-56,-38,-86,-86,-111,120,68,15,-48
Nav,3,1537,1,27,2,2,5,-112,109,98,-70,-55,-33,-78,4,74,-27,-26,25,97,98,25,41,-110,-94,-113,26,-86,-86,-101,77,85,-128,64
Raw,1790862375998
Raw,1790862376998
Nav,16,1537,1,27,4,4,5,-112,-1,-7,-1,-59,102,-85,-1,125,-91,-121,-1,-27,0,27,6,32,-38,-67,-38,-86,-86,-108,98,-63,-30,-80
Nav,3,1537,1,27,4,4,5,-125,-1,-22,-1,-24,102,-85,-1,-91,109,63,-1,-26,-32,27,50,-5,98,-77,26,-86,-86,-97,-42,-16,-78,-80
Nav,12,1537,1,27,4,4,5,-116,-1,-21,0,5,102,-85,-1,92,2,87,-1,-81,-112,27,65,-22,-97,-69,-70,-86,-86,-110,96,83,95,-48
Nav,32,1537,1,27,4,4,4,32,-1,-15,0,2,101,-69,-1,-41,-65,47,-1,-27,48,16,0,0,0,0,10,-86,-86,-98,-66,35,-46,-80
Raw,1790862377998
Raw,1790862378998
Nav,16,1537,1,27,6,6,0,0,0,0,0,0,0,18,96,-122,-119,-30,76,35,-35,-94,34,82,-93,106,-22,-86,-86,-109,-124,-10,-78,-16
Nav,12,1537,1,27,6,6,0,0,0,0,0,0,0,18,96,-122,-119,-30,76,35,-35,-81,113,-6,-120,-32,10,-86,-86,-105,-74,38,-49,-48
Nav,3,1537,1,27,6,6,0,0,0,0,0,0,0,18,96,-122,-119,-30,76,35,-35,-88,116,-60,-110,63,-118,-86,-86,-104,25,-61,-110,-16
Nav,32,1537,1,27,6,6,0,0,0,0,0,0,0,18,96,-122,-119,-30,76,35,-35,-96,0,0,0,0,10,-86,-86,-109,-51,33,18,-16
Raw,1790862379998
Raw,1790862380998
Nav,16,1537,1,27,9,9,26,-111,85,85,85,85,85,85,30,0,-128,41,-126,-31,6,117,1,2,16,-88,10,-86,-86,-99,8,-53,48,64
Nav,12,1537,1,27,9,9,26,-111,85,85,85,85,85,85,30,0,-128,41,-126,-31,6,123,16,80,-4,-87,-118,-86,-86,-101,109,90,-49,-48
Nav,3,1537,1,27,9,9,26,-111,85,85,85,85,85,85,30,0,-128,41,-126,-31,6,118,-96,50,27,-75,106,-86,-86,-109,-11,-110,-64,64
Nav,32,1537,1,27,9,9,-70,-117,85,85,85,85,85,85,30,0,96,41,-125,42,-122,112,0,0,0,0,10,-86,-86,-99,-28,73,48,64
Raw,1790862381998
Raw,1790862382998
Nav,16,1537,1,27,10,10,30,-49,31,-31,-103,119,-2,-53,-1,-16,-1,-94,-2,-27,-32,100,-106,-17,-123,-110,10,-86,-86,-99,54,62,66,-80
Nav,12,1537,1,27,10,10,30,-49,31,-31,-103,119,-2,-53,-1,-16,-1,-94,-2,-27,-32,102,-108,20,43,96,-70,-86,-86,-109,-115,24,-113,-48
Nav,3,1537,1,27,10,10,30,-49,31,-31,-103,119,-2,-53,-1,-16,-1,-94,-2,-27,-32,110,31,-114,-61,80,42,-86,-86,-103,-71,21,-14,-80
Nav,32,1537,1,27,10,10,-66,-49,31,-31,116,-77,-2,-53,-1,-16,-1,-94,-2,-27,-32,96,0,0,0,0,10,-86,-86,-110,87,-53,-126,-80
Raw,1790862383998
Raw,1790862384998
Nav,16,1537,1,27,18,18,80,-126,47,1,-48,-106,-89,-83,19,-66,-64,-33,-43,111,-14,-94,32,-12,-97,-53,-118,-86,-86,-102,10,127,18,-16
Nav,3,1537,1,27,18,18,-67,-90,-62,-104,8,5,-77,44,-116,-101,-71,88,-128,105,-99,61,48,-9,-45,-123,-22,-86,-86,-98,88,-89,-78,-16
Nav,12,1537,1,27,0,0,-107,85,85,85,85,85,85,85,85,85,85,86,25,-96,124,19,0,-2,-13,-111,-22,-86,-86,-110,-124,-112,-65,-48
Nav,32,1537,1,27,18,18,108,44,-6,75,-82,69,-89,-109,41,18,119,-105,-102,-21,80,48,0,0,0,0,10,-86,-86,-112,70,45,34,-16
Raw,1790862385998
Raw,1790862386998
Nav,16,1537,1,27,20,20,16,-126,-104,-8,125,9,73,-110,-84,10,45,85,13,-84,-16,80,82,61,-127,12,-70,-86,-86,-112,-76,60,64,64
Nav,12,1537,1,27,0,0,-107,85,85,85,85,85,85,85,85,85,85,86,25,-96,124,53,103,6,-128,-52,-70,-86,-86,-105,76,-108,15,-48
Nav,3,1537,1,27,20,20,-36,-121,-102,34,111,-90,38,-125,-111,-121,65,-82,60,-25,84,-87,-23,-32,-16,60,-70,-86,-86,-109,61,71,-112,64
Nav,32,1537,1,27,20,20,16,1,32,-30,-106,-97,100,110,21,-94,-24,43,117,-22,-33,-96,0,0,0,0,10,-86,-86,-103,118,-52,-128,64
Nav,5,1537,1,27,20,20,-103,63,25,109,-63,-107,113,66,-118,-7,-118,59,94,42,28,96,0,0,0,0,10,-86,-86,-100,33,52,0,64
Raw,1790862387998
Raw,1790862388998
Nav,12,1537,1,27,0,0,-107,85,85,85,85,85,85,85,85,85,85,86,25,-96,124,85,-110,71,-104,-61,74,-86,-86,-107,111,66,-65,-48
Nav,3,1537,1,27,16,16,9,34,16,57,-42,60,65,-75,68,-68,-38,99,-1,98,-96,13,-124,81,19,-20,10,-86,-86,-106,123,-127,-46,-80
Nav,32,1537,1,27,16,16,-24,24,-121,-105,108,-61,66,100,-88,-102,-106,-105,-1,-84,52,0,0,0,0,0,10,-86,-86,-112,-117,-97,-110,-80
Nav,5,1537,1,27,16,16,64,92,7,-101,-42,104,65,-75,-102,-4,-81,64,1,38,-52,0,0,0,0,0,10,-86,-86,-104,-100,86,-78,-80
Raw,1790862389998
Raw,1790862390998
Nav,16,1537,1,28,0,0,-107,85,85,85,85,85,85,85,85,85,85,86,25,-96,124,118,-37,-32,80,-6,90,-86,-86,-110,19,-91,-14,-16
Nav,12,1537,1,28,0,0,-107,85,85,85,85,85,85,85,85,85,85,86,25,-96,124,119,-108,-110,16,-16,106,-86,-86,-105,-104,81,95,-48
Nav,3,1537,1,28,0,0,-107,85,85,85,85,85,85,85,85,85,85,86,25,-96,124,114,54,-16,80,-16,-70,-86,-86,-100,1,-17,66,-16
Nav,32,1537,1,28,0,0,-107,85,85,85,85,85,85,85,85,85,85,86,25,-96,124,112,0,0,0,0,10,-86,-86,-111,-51,-44,-30,-16
Nav,5,1537,1,28,0,0,-107,85,85,85,85,85,85,85,85,85,85,86,25,-96,124,112,0,0,0,0,10,-86,-86,-111,-51,-44,-30,-16
Raw,1790862391998
Raw,1790862392998
Nav,12,1537,1,28,0,0,-107,85,85,85,85,85,85,85,85,85,85,86,25,-96,124,-107,47,-25,48,-6,-70,-86,-86,-99,70,-55,95,-48
Nav,16,1537,1,28,0,0,-107,85,85,85,85,85,85,85,85,85,85,86,25,-96,124,-100,84,-7,5,51,74,-86,-86,-107,-26,-76,64,64
Nav,3,1537,1,28,0,0,-107,85,85,85,85,85,85,85,85,85,85,86,25,-96,124,-103,-99,-111,-56,88,26,-86,-86,-101,101,-126,96,64
Nav,32,1537,1,28,0,0,-107,85,85,85,85,85,85,85,85,85,85,86,25,-96,124,-112,0,0,0,0,10,-86,-86,-98,-40,49,-64,64
Raw,1790862393998
Raw,1790862394998
Nav,12,1537,1,28,1,1,5,-103,-86,19,58,-87,-5,0,20,-79,70,-86,4,-25,63,-1,112,-68,-14,112,122,-86,-86,-104,-118,-77,127,-48
Nav,16,1537,1,28,1,1,5,-103,-86,-85,1,-37,32,0,46,-55,-125,-86,4,-17,19,126,-14,28,-14,112,122,-86,-86,-103,65,-30,-30,-80
Nav,3,1537,1,28,1,1,5,-103,-86,45,-44,81,-83,0,72,-16,13,-86,4,-21,28,60,33,-100,-14,112,122,-86,-86,-104,96,-74,34,-80
Nav,32,1537,1,28,1,1,4,25,110,-10,-77,45,20,0,33,-12,-23,-86,4,-26,-63,112,0,0,0,0,10,-86,-86,-105,-121,37,66,-80
Nav,5,1537,1,28,1,1,5,25,-106,72,-23,-29,40,0,35,-93,75,-86,4,-21,12,48,0,0,0,0,10,-86,-86,-98,56,-34,2,-80
Raw,1790862395998
Raw,1790862396998
Nav,12,1537,1,28,3,3,5,-65,-16,7,-57,-88,-1,101,-65,-1,-53,64,127,99,118,-80,59,19,-126,-122,-86,-86,-86,-99,-86,116,95,-48
Nav,16,1537,1,28,3,3,5,-65,-15,-119,71,-2,-63,-83,6,36,2,-9,2,41,-106,-66,59,19,-126,-122,-86,-86,-86,-100,34,-58,34,-16
Nav,3,1537,1,28,3,3,5,-65,-15,26,72,-90,63,15,68,77,5,69,-66,-30,-42,-71,91,19,-126,-122,-86,-86,-86,-107,84,112,66,-16
Nav,32,1537,1,28,3,3,4,63,-16,-126,73,-56,-1,-124,68,78,-60,-14,-1,101,-58,-80,0,0,0,0,10,-86,-86,-105,110,51,-110,-16
Nav,5,1537,1,28,3,3,5,63,-15,53,-56,112,-65,6,68,46,-123,105,62,-29,86,-80,0,0,0,0,10,-86,-86,-111,-54,-11,34,-16
Raw,1790862397998
Raw,1790862398998
Nav,12,1537,1,28,5,5,32,-65,-104,34,-96,121,-66,88,11,12,-64,-7,-22,-86,-86,-94,-9,-74,-47,-114,42,-86,-86,-99,69,-8,-49,-48
Nav,16,1537,1,28,5,5,32,-65,-104,34,-96,126,31,-96,11,12,-64,-7,-22,-86,-86,-93,103,-74,-47,-114,42,-86,-86,-104,-99,17,-80,64
Nav,3,1537,1,28,5,5,32,-65,-104,34,-96,0,64,24,11,12,-64,-7,-22,-86,-86,-93,-9,-74,-47,-114,42,-86,-86,-101,-99,16,48,64
Nav,32,1537,1,28,5,5,32,-65,-104,34,-96,126,-97,-80,11,12,-64,-7,-22,-86,-86,-96,0,0,0,0,10,-86,-86,-111,-29,-58,-16,64
Nav,5,1537,1,28,5,5,32,-65,-104,34,-96,1,0,56,11,12,-64,-7,-22,-86,-86,-96,0,0,0,0,10,-86,-86,-100,3,16,-16,64
Raw,1790862399998
Raw,1790862400998
Nav,12,1537,1,28,0,0,-107,85,85,85,85,85,85,85,85,85,85,86,25,-96,125,19,64,43,126,-31,-22,-86,-86,-111,9,-1,-65,-48
Nav,16,1537,1,28,0,0,-107,85,85,85,85,85,85,85,85,85,85,86,25,-96,125,22,-128,43,126,-31,-22,-86,-86,-102,-31,24,50,-80
Nav,3,1537,1,28,0,0,-107,85,85,85,85,85,85,85,85,85,85,86,25,-96,125,29,-96,43,126,-31,-22,-86,-86,-112,-29,-124,34,-80
Nav,32,1537,1,28,0,0,-107,85,85,85,85,85,85,85,85,85,85,86,25,-96,125,16,0,0,0,0,10,-86,-86,-105,1,40,82,-80
Nav,5,1537,1,28,0,0,-107,85,85,85,85,85,85,85,85,85,85,86,25,-96,125,16,0,0,0,0,10,-86,-86,-105,1,40,82,-80
Raw,1790862401998
Raw,1790862402998
Nav,12,1537,1,28,0,0,-107,85,85,85,85,85,85,85,85,85,85,86,25,-96,125,62,7,-43,-16,0,10,-86,-86,-100,120,-114,-97,-48
Nav,16,1537,1,28,16,16,-34,-48,-72,3,-75,59,-105,57,82,-113,28,59,-2,-18,-108,15,39,-43,-16,0,10,-86,-86,-103,5,44,-78,-16
Nav,3,1537,1,28,16,16,9,34,16,57,-42,60,65,-75,68,-68,-38,99,-1,98,-96,1,23,-43,-16,0,10,-86,-86,-100,18,79,82,-16
Nav,32,1537,1,28,16,16,-24,24,-121,-105,108,-61,66,100,-88,-102,-106,-105,-1,-84,52,0,0,0,0,0,10,-86,-86,-112,-117,-97,-110,-16
Nav,5,1537,1,28,16,16,64,92,7,-101,-42,104,65,-75,-102,-4,-81,64,1,38,-52,0,0,0,0,0,10,-86,-86,-104,-100,86,-78,-16
Raw,1790862403998
Raw,1790862404998
Nav,12,1537,1,28,2,2,5,-69,58,-49,61,-54,32,38,-82,62,116,-21,89,-17,-34,25,37,-110,29,41,58,-86,-86,-106,-50,-91,63,-48
Nav,16,1537,1,28,2,2,5,-91,-50,98,-67,-119,-49,59,64,101,-30,-79,-69,46,119,-39,32,92,-111,-121,42,-86,-86,-112,-22,-44,64,64
Nav,3,1537,1,28,2,2,5,-112,109,98,-70,-55,-33,-78,4,74,-27,-26,25,97,98,25,46,110,32,-52,106,-86,-86,-106,0,-106,16,64
Nav,5,1537,1,28,2,2,5,16,109,111,126,73,-33,-70,-70,-118,-105,28,-12,-31,62,-48,0,0,0,0,10,-86,-86,-106,75,69,0,64
Raw,1790862405998
Raw,1790862406998
Nav,12,1537,1,28,4,4,5,-116,-1,-21,0,5,102,-85,-1,92,2,87,-1,-81,-112,27,80,-15,77,-63,-38,-86,-86,-98,-88,3,-1,-48
Nav,16,1537,1,28,4,4,5,-112,-1,-7,-1,-59,102,-85,-1,125,-91,-121,-1,-27,0,27,26,-74,112,-61,-118,-86,-86,-100,83,-92,2,-80
Nav,3,1537,1,28,4,4,5,-125,-1,-22,-1,-24,102,-85,-1,-91,109,63,-1,-26,-32,27,69,-13,47,-57,90,-86,-86,-108,-79,-68,50,-80
Nav,5,1537,1,28,4,4,5,5,-1,-1,-1,-23,102,88,0,-116,-31,56,0,43,-64,16,0,0,0,0,10,-86,-86,-104,-83,-28,-62,-80
Raw,1790862407998
Raw,1790862408998
Nav,12,1537,1,28,6,6,0,0,0,0,0,0,0,18,96,-122,-119,-30,76,35,-20,-89,-46,71,-106,-86,122,-86,-86,-101,-122,-29,-81,-48
Nav,16,1537,1,28,6,6,0,0,0,0,0,0,0,18,96,-122,-119,-30,76,35,-20,-92,124,109,-79,-15,-38,-86,-86,-105,-102,120,34,-16
Nav,3,1537,1,28,6,6,0,0,0,0,0,0,0,18,96,-122,-119,-30,76,35,-20,-81,126,-25,108,-74,10,-86,-86,-106,-94,-107,-126,-16
Nav,5,1537,1,28,6,6,0,0,0,0,0,0,0,18,96,-122,-119,-30,76,35,-20,-96,0,0,0,0,10,-86,-86,-102,-30,-118,2,-16
Raw,1790862409998
Raw,1790862410998
Nav,12,1537,1,28,7,7,26,-111,64,2,64,94,94,47,-38,-53,-99,127,42,-84,9,87,-48,-80,-7,60,-102,-86,-86,-99,22,48,127,-48
Nav,16,1537,1,28,7,7,26,-111,64,2,64,94,94,47,-38,-53,-99,127,42,-84,9,95,98,16,-2,110,-54,-86,-86,-103,110,2,80,64
Nav,3,1537,1,28,7,7,26,-111,64,2,64,94,94,47,-38,-53,-99,127,42,-84,9,91,17,-112,-16,106,-38,-86,-86,-100,-81,-88,64,64
Nav,5,1537,1,28,7,7,-6,-113,64,2,64,94,94,15,-38,-53,-99,127,42,99,-23,80,0,0,0,0,10,-86,-86,-104,-105,-117,64,64
Raw,1790862411998
Raw,1790862412998
Nav,12,1537,1,28,8,8,31,-3,-1,-1,-128,10,-86,-86,-86,-86,-86,-86,-86,-86,-86,-85,-46,21,116,64,-54,-86,-86,-99,-62,-103,79,-48
Nav,16,1537,1,28,8,8,31,-3,-1,-1,-128,10,-86,-86,-86,-86,-86,-86,-86,-86,-86,-93,70,24,-41,17,10,-86,-86,-107,-43,-33,114,-80
Nav,3,1537,1,28,8,8,31,-3,-1,-1,-128,10,-86,-86,-86,-86,-86,-86,-86,-86,-86,-90,-109,-105,36,96,58,-86,-86,-106,-50,25,-78,-80
Nav,5,1537,1,28,8,8,-1,-3,-1,-1,-128,10,-86,-86,-86,-86,-86,-86,-86,-86,-86,-96,0,0,0,0,10,-86,-86,-99,31,-51,2,-80
Nav,32,1537,1,28,8,8,-65,-3,-1,-1,-128,10,-86,-86,-86,-86,-86,-86,-86,-86,-86,-96,0,0,0,0,10,-86,-86,-106,52,39,-78,-80
Raw,1790862413998
Raw,1790862414998
Nav,12,1537,1,29,0,0,-107,85,85,85,85,85,85,85,85,85,85,86,25,-96,125,-6,84,-6,68,124,-6,-86,-86,-106,-24,-128,-97,-48
Nav,16,1537,1,29,17,17,66,-87,50,110,-106,6,-89,-74,-40,9,99,-125,20,-92,-65,-8,84,-6,87,-42,-22,-86,-86,-97,98,-4,34,-16
Nav,3,1537,1,29,17,17,100,-76,-123,-40,-37,116,-100,-44,17,113,-66,10,-8,-25,11,-29,4,-9,-64,-102,-102,-86,-86,-101,41,-106,34,-16
Nav,5,1537,1,29,17,17,2,51,-111,-34,118,-54,-94,-124,124,-79,-14,112,-112,-92,13,32,0,0,0,0,10,-86,-86,-99,106,3,18,-16
Nav,32,1537,1,29,17,17,-17,28,-66,120,66,-31,89,26,97,-72,-7,61,72,96,72,-16,0,0,0,0,10,-86,-86,-106,-35,125,-78,-16
Raw,1790862415998
Raw,1790862416998
Nav,12,1537,1,29,0,0,-107,85,85,85,85,85,85,85,85,85,85,86,25,-96,126,18,114,103,-78,16,-6,-86,-86,-99,-52,-68,-33,-48
Nav,16,1537,1,29,19,19,62,-66,-24,100,44,-21,-63,86,-71,62,71,-93,105,-93,-100,121,-64,13,113,-112,-6,-86,-86,-108,109,49,48,64
Nav,5,1537,1,29,19,19,88,35,-91,-76,-4,113,-124,101,22,0,-75,12,-64,39,14,-48,0,0,0,0,10,-86,-86,-109,-123,18,48,64
Raw,1790862417998
Raw,1790862418998
Nav,12,1537,1,29,0,0,-107,85,85,85,85,85,85,85,85,85,85,86,25,-96,126,51,-9,90,123,127,-86,-86,-86,-106,-85,-78,-49,-48
Nav,16,1537,1,29,16,16,-34,-47,56,5,-75,59,-105,57,80,-113,105,-49,-2,-18,-112,15,-45,-79,33,-9,74,-86,-86,-102,100,-43,82,-80
Nav,3,1537,1,29,16,16,9,33,-112,59,-42,60,65,-75,68,-67,39,-5,-1,98,-112,5,-106,99,-3,80,-102,-86,-86,-105,-87,55,114,-80
Nav,5,1537,1,29,16,16,64,92,7,-105,-42,105,65,-75,-102,-4,-4,-40,1,38,-52,0,0,0,0,0,10,-86,-86,-107,-76,98,-30,-80
Raw,1790862419998
Raw,1790862420998
Nav,12,1537,1,29,0,0,-107,85,85,85,85,85,85,85,85,85,85,86,25,-96,126,86,114,80,-52,-59,-86,-86,-86,-104,-23,42,111,-48
Nav,16,1537,1,29,0,0,-107,85,85,85,85,85,85,85,85,85,85,86,25,-96,126,83,-44,-79,12,-59,-38,-86,-86,-97,-58,123,-14,-16
Nav,3,1537,1,29,0,0,-107,85,85,85,85,85,85,85,85,85,85,86,25,-96,126,87,-98,-48,60,-63,122,-86,-86,-104,55,-74,-30,-16
Nav,5,1537,1,29,0,0,-107,85,85,85,85,85,85,85,85,85,85,86,25,-96,126,80,0,0,0,0,10,-86,-86,-109,65,-56,-94,-16
Raw,1790862421998
Raw,1790862422998
Nav,12,1537,1,29,0,0,-107,85,85,85,85,85,85,85,85,85,85,86,25,-96,126,116,-108,-29,110,42,90,-86,-86,-105,80,-95,47,-48
Nav,16,1537,1,29,0,0,-107,85,85,85,85,85,85,85,85,85,85,86,25,-96,126,112,-33,-82,-122,-4,74,-86,-86,-112,-4,120,96,64
Nav,3,1537,1,29,0,0,-107,85,85,85,85,85,85,85,85,85,85,86,25,-96,126,117,45,41,-61,82,-70,-86,-86,-101,-37,-87,-112,64
Nav,5,1537,1,29,0,0,-107,85,85,85,85,85,85,85,85,85,85,86,25,-96,126,112,0,0,0,0,10,-86,-86,-108,-118,-58,-112,64
Raw,1790862423998
Raw,1790862424998
Nav,12,1537,1,29,1,1,5,-103,-86,19,58,-87,-5,0,20,-79,70,-86,4,-25,63,-12,-47,-112,-14,-6,10,-86,-86,-110,-29,28,-81,-48
Nav,16,1537,1,29,1,1,5,-103,-86,-85,1,-37,32,0,46,-55,-125,-86,4,-17,19,115,34,0,-14,-6,10,-86,-86,-106,-104,96,-30,-80
Nav,3,1537,1,29,1,1,5,-103,-86,45,-44,81,-83,0,72,-16,13,-86,4,-21,28,63,112,32,-14,-6,10,-86,-86,-108,-101,-86,18,-80
Nav,5,1537,1,29,1,1,5,25,-106,72,-23,-29,40,0,35,-93,75,-86,4,-21,12,48,0,0,0,0,10,-86,-86,-98,56,-34,2,-80
Nav,32,1537,1,29,1,1,4,25,110,-10,-77,45,20,0,33,-12,-23,-86,4,-26,-63,112,0,0,0,0,10,-86,-86,-105,-121,37,66,-80
Raw,1790862425998
Raw,1790862426998
Nav,12,1537,1,29,3,3,5,-65,-16,7,-57,-88,-1,101,-65,-1,-53,64,127,99,118,-77,119,-25,18,-58,-22,-86,-86,-111,124,126,-17,-48
Nav,16,1537,1,29,3,3,5,-65,-15,-119,71,-2,-63,-83,6,36,2,-9,2,41,-106,-69,71,-25,18,-58,-22,-86,-86,-105,92,-81,-62,-16
Nav,3,1537,1,29,3,3,5,-65,-15,26,72,-90,63,15,68,77,5,69,-66,-30,-42,-80,55,-25,18,-58,-22,112,9,-47,107,24,98,-16
Nav,25,1537,1,29,3,3,5,63,-15,-101,-57,-22,-63,-95,69,-14,-125,10,-62,32,22,-80,0,0,0,0,10,-86,-86,-106,-112,98,82,-16
Nav,32,1537,1,29,3,3,4,63,-16,-126,73,-56,-1,-124,68,78,-60,-14,-1,101,-58,-80,0,0,0,0,10,-86,-86,-105,110,51,-110,-16
Raw,1790862427998
Raw,1790862428998
Nav,16,1537,1,29,5,5,32,-65,-104,34,-96,126,31,-96,11,12,-64,-3,-86,-86,-86,-96,-39,-96,22,-8,-102,-86,-86,-109,121,36,96,64
Nav,25,1537,1,29,5,5,32,-65,-104,34,-96,0,-32,48,11,12,-64,-3,-86,-86,-86,-96,0,0,0,0,10,-86,-86,-97,18,-16,-96,64
Raw,1790862429998
Raw,1790862430998
Nav,16,1537,1,29,0,0,-107,85,85,85,85,85,85,85,85,85,85,86,25,-96,126,-15,100,-17,-112,65,-86,-86,-86,-103,98,-121,114,-80
Nav,25,1537,1,29,0,0,-107,85,85,85,85,85,85,85,85,85,85,86,25,-96,126,-16,0,0,0,0,10,-86,-86,-109,-62,49,-30,-80
Nav,3,1537,1,29,0,0,-107,85,85,85,85,85,85,85,85,85,85,86,25,-96,126,-13,68,-17,-112,65,-96,60,40,26,100,125,82,-80
Raw,1790862431998
Raw,1790862432998
Nav,12,1537,1,29,0,0,-107,85,85,85,85,85,85,85,85,85,85,86,25,-96,127,20,-36,67,64,0,10,-86,-86,-105,116,71,-81,-48
Nav,16,1537,1,29,16,16,-34,-47,56,5,-75,59,-105,57,80,-113,105,-49,-2,-18,-112,2,60,67,64,0,10,-86,-86,-111,-34,127,-94,-16
Nav,25,1537,1,29,16,16,-24,-107,57,-111,-85,17,-105,91,16,83,-25,120,0,102,112,0,0,0,0,0,10,-86,-86,-97,-89,37,-78,-16
Nav,3,1537,1,29,16,16,9,33,-112,59,-42,60,65,-75,68,-67,39,-5,-1,98,-112,14,12,67,64,0,3,-43,64,-107,-77,-5,114,-16
Nav,32,1537,1,29,16,16,-24,24,71,-103,108,-61,66,100,-88,-102,-28,47,-1,-84,44,0,0,0,0,0,10,-86,-86,-106,-122,103,18,-16
Raw,1790862433998
Raw,1790862434998
Nav,12,1537,1,29,2,2,5,-69,58,-49,61,-54,32,38,-82,62,116,-21,89,-17,-34,25,37,88,-14,76,58,-86,-86,-104,-110,111,95,-48
Nav,16,1537,1,29,2,2,5,-91,-50,98,-67,-119,-49,59,64,101,-30,-79,-69,46,119,-39,46,96,-83,-35,-86,-86,-86,-108,81,55,-32,64
Nav,25,1537,1,29,2,2,5,37,-42,-61,62,73,-54,36,7,55,-11,-78,-128,110,-56,-48,0,0,0,0,10,-86,-86,-102,107,86,-64,64
Raw,1790862435998
Raw,1790862436998
Nav,12,1537,1,29,4,4,5,-116,-1,-21,0,5,102,-85,-1,92,2,87,-1,-81,-112,27,111,-75,43,-37,122,-86,-86,-107,115,29,95,-48
Nav,25,1537,1,29,4,4,5,25,-1,-84,0,31,102,88,0,44,-36,-57,-1,-17,-80,16,0,0,0,0,10,-86,-86,-100,85,90,-110,-80
Nav,3,1537,1,29,4,4,5,-125,-1,-22,-1,-24,102,-85,-1,-91,109,63,-1,-26,-32,27,86,-83,-91,-38,-118,-86,-86,-106,-34,-106,2,-80
Raw,1790862437998
Raw,1790862438998
Nav,12,1537,1,30,6,6,0,0,0,0,0,0,0,18,96,-122,-119,-30,76,35,-5,-94,-50,120,75,-95,-102,-86,-86,-98,98,-69,63,-48
Nav,25,1537,1,30,6,6,0,0,0,0,0,0,0,18,96,-122,-119,-30,76,35,-5,-96,0,0,0,0,10,-86,-86,-103,47,-111,34,-16
Nav,3,1537,1,30,6,6,0,0,0,0,0,0,0,18,96,-122,-119,-30,76,35,-5,-89,-35,-57,-12,2,26,-86,-86,-101,-104,20,2,-16
Raw,1790862439998
Raw,1790862440998
Nav,12,1537,1,30,9,9,26,-111,85,85,85,85,85,87,-128,-86,-86,-86,-86,-86,-86,-91,-64,80,-11,-81,-118,-86,-86,-98,75,-85,31,-48
Nav,25,1537,1,30,9,9,-6,-113,85,85,85,85,85,87,-128,-86,-86,-86,-86,-86,-86,-96,0,0,0,0,10,-86,-86,-99,37,-34,-80,64
Nav,16,1537,1,30,9,9,26,-111,85,85,85,85,85,87,-128,-86,-86,-86,-86,-86,-86,-91,-32,80,-9,-26,74,-86,-86,-107,-83,90,112,64
Nav,3,1537,1,30,9,9,26,-111,85,85,85,85,85,87,-128,-86,-86,-86,-86,-86,-86,-89,-48,80,-4,-6,-6,-86,-86,-107,71,-126,48,64
Nav,5,1537,1,30,9,9,-6,-113,85,85,85,85,85,87,-128,-86,-86,-86,-86,-86,-86,-96,0,0,0,0,10,-86,-86,-99,37,-34,-80,64
Nav,10,1537,1,30,9,9,26,-111,85,85,85,85,85,87,-128,-86,-86,-86,-86,-86,-86,-85,18,16,-6,-44,-22,-86,-86,-104,10,-55,96,64
Raw,1790862441998
Raw,1790862442998
Nav,25,1537,1,30,10,10,-6,-86,-86,-86,-86,-86,-86,-86,-86,-86,-1,-94,-2,-27,-32,96,0,0,0,0,10,-86,-86,-104,95,112,-110,-80
Raw,1790862443998
Raw,1790862444998
Nav,25,1537,1,30,18,18,-118,47,15,65,-111,-28,30,7,9,33,3,61,-92,44,-102,-112,0,0,0,0,10,-86,-86,-110,83,-89,34,-16
Nav,3,1537,1,30,18,18,-67,-90,-62,-104,8,5,-77,44,-116,-101,-71,88,-128,105,-99,58,80,-2,118,-94,-6,-86,-86,-97,-84,-65,-78,-16
Nav,5,1537,1,30,18,18,106,11,118,-28,-31,-128,-52,121,-15,97,-20,90,-85,46,8,-96,0,0,0,0,10,-86,-86,-106,-58,48,-46,-16
Raw,1790862445998
Raw,1790862446998
Nav,25,1537,1,30,20,20,115,15,-35,-52,85,-86,-104,52,-81,-87,123,13,-24,-83,-8,80,0,0,0,0,10,-86,-86,-110,27,-91,-32,64
Nav,12,1537,1,30,0,0,-107,85,85,85,85,85,85,85,85,85,85,86,25,-96,127,-9,47,-19,32,-52,-38,-86,-86,-106,-109,47,-17,-48
Raw,1790862447998
Raw,1790862448998
Nav,25,1537,1,30,16,16,-24,-108,-7,-113,-85,17,-105,91,16,84,53,16,0,102,120,0,0,0,0,0,10,-86,-86,-110,55,-98,-62,-80
Nav,12,1537,1,30,0,0,-107,85,85,85,85,85,85,85,85,85,85,86,25,-96,-128,23,20,-45,15,-80,-86,-86,-86,-103,47,-94,-81,-48
Nav,5,1537,1,30,16,16,64,92,7,-107,-42,104,65,-75,-102,-3,74,112,1,38,-52,0,0,0,0,0,10,-86,-86,-106,-123,2,-46,-80
Raw,1790862449998
Raw,1790862450998
Nav,25,1537,1,30,0,0,-107,85,85,85,85,85,85,85,85,85,85,86,25,-96,-128,48,0,0,0,0,10,-86,-86,-104,-114,-9,-110,-16
Nav,12,1537,1,30,0,0,-107,85,85,85,85,85,85,85,85,85,85,86,25,-96,-128,50,116,-14,16,-14,106,-86,-86,-105,-31,-25,-65,-48
Nav,16,1537,1,30,0,0,-107,85,85,85,85,85,85,85,85,85,85,86,25,-96,-128,54,8,49,-112,-16,-118,-86,-86,-103,-63,19,-30,-16
Raw,1790862451998
Raw,1790862452998
Nav,25,1537,1,30,0,0,-107,85,85,85,85,85,85,85,85,85,85,86,25,-96,-128,80,0,0,0,0,10,-86,-86,-112,-45,-27,-64,64
Nav,12,1537,1,30,0,0,-107,85,85,85,85,85,85,85,85,85,85,86,25,-96,-128,85,-19,80,-24,64,-54,-86,-86,-104,11,62,-1,-48
Nav,3,1537,1,30,0,0,-107,85,85,85,85,85,85,85,85,85,85,86,25,-96,-128,84,-110,-92,42,-48,58,-86,-86,-98,36,32,112,64
Raw,1790862453998
Raw,1790862454998
Nav,25,1537,1,30,1,1,5,25,-106,62,-28,-48,39,0,30,-4,-109,-86,4,-20,50,48,0,0,0,0,10,-86,-86,-108,-118,90,-78,-80
Nav,16,1537,1,30,1,1,5,-103,-86,-85,1,-37,32,0,46,-55,-125,-86,4,-17,19,124,114,28,-16,46,-70,-86,-86,-97,97,81,-78,-80
Nav,12,1537,1,30,1,1,5,-103,-86,19,58,-87,-5,0,20,-79,70,-86,4,-25,63,-6,112,-68,-16,46,-70,-86,-86,-107,1,8,-49,-48
Nav,3,1537,1,30,1,1,5,-103,-86,45,-44,81,-83,0,72,-16,13,-86,4,-21,28,52,-47,-100,-16,46,-70,-86,-86,-112,125,26,-46,-80
Raw,1790862455998
Raw,1790862456998
Nav,25,1537,1,30,3,3,5,63,-15,-101,-57,-22,-63,-95,69,-14,-125,10,-62,32,22,-80,0,0,0,0,10,-86,-86,-106,-112,98,82,-16
Nav,16,1537,1,30,3,3,5,-65,-15,-119,71,-2,-63,-83,6,36,2,-9,2,41,-106,-79,-123,114,-122,96,74,-86,-86,-110,116,-38,-78,-16
Nav,12,1537,1,30,3,3,5,-65,-16,7,-57,-88,-1,101,-65,-1,-53,64,127,99,118,-77,-11,114,-122,96,74,-86,-86,-109,-4,20,-97,-48
Nav,3,1537,1,30,3,3,5,-65,-15,26,72,-90,63,15,68,77,5,69,-66,-30,-42,-77,117,114,-122,96,74,-86,-86,-110,49,69,2,-16
Raw,1790862457998
Raw,1790862458998
Nav,25,1537,1,30,5,5,32,-65,-104,34,-96,0,-32,48,11,12,-63,1,106,-86,-86,-96,0,0,0,0,10,-86,-86,-103,-51,10,-96,64
Nav,16,1537,1,30,5,5,32,-65,-104,34,-96,126,31,-96,11,12,-63,1,106,-86,-86,-91,-26,125,12,55,-38,-86,-86,-98,58,20,-32,64
Nav,3,1537,1,30,5,5,32,-65,-104,34,-96,0,64,24,11,12,-63,1,106,-86,-86,-92,-106,125,12,55,-38,-86,-86,-109,-30,-80,-128,64
Nav,12,1537,1,30,5,5,32,-65,-104,34,-96,121,-66,88,11,12,-63,1,106,-86,-86,-92,38,125,12,55,-38,-86,-86,-103,57,51,-49,-48
Raw,1790862459998
Raw,1790862460998
Raw,1790862461998
Raw,1790862462998
Nav,25,1537,1,1,16,16,-24,-108,-7,-113,-85,17,-105,91,16,84,53,16,0,102,120,0,0,0,0,0,10,-86,-86,-110,55,-98,-62,-16
Raw,1790862463998
Raw,1790862464998
Nav,25,1537,1,1,2,2,5,37,-42,-61,62,73,-54,36,7,55,-11,-78,-128,110,-56,-48,0,0,0,0,10,-86,-86,-102,107,86,-64,64
Raw,1790862465998
Raw,1790862466998
Nav,25,1537,1,1,4,4,5,25,-1,-84,0,31,102,88,0,44,-36,-57,-1,-17,-80,16,0,0,0,0,10,-86,-86,-100,85,90,-110,-80
Nav,12,1537,1,1,4,4,5,-116,-1,-21,0,5,102,-85,-1,92,2,87,-1,-81,-112,27,120,32,97,-20,-38,-86,-86,-100,-65,47,79,-48
Raw,1790862467998
Raw,1790862468998
Nav,25,1537,1,1,6,6,0,0,0,0,0,0,0,18,96,-122,-119,-30,76,36,10,-96,0,0,0,0,10,-86,-86,-109,75,-37,114,-16
Nav,12,1537,1,1,6,6,0,0,0,0,0,0,0,18,96,-122,-119,-30,76,36,10,-93,97,93,65,111,-86,-86,-86,-109,-97,5,31,-48
Raw,1790862469998
Raw,1790862470998
Raw,1790862471998
Raw,1790862472998
Raw,1790862473998
Raw,1790862474998
Nav,3,1537,1,1,17,17,100,-76,-123,-40,-37,116,-100,-44,17,113,-66,10,-8,-25,11,-30,-44,-14,124,80,87,98,88,27,-104,-1,-110,-16
Raw,1790862475998
Raw,1790862476998
Nav,16,1537,1,1,19,19,62,-66,-24,100,44,-21,-63,86,-71,62,71,-93,105,-93,-100,121,-18,-5,-47,-112,-6,-86,-86,-108,-49,50,112,64
Nav,25,1537,1,1,19,19,17,10,-14,10,16,-87,10,-93,3,-53,79,-122,16,102,-41,-16,0,0,0,0,10,-86,-86,-108,48,98,64,64
Nav,12,1537,1,1,0,0,-107,85,85,85,85,85,85,85,85,85,85,86,25,-96,-127,-37,83,-61,2,16,-6,-86,-86,-112,17,123,-65,-48
Nav,3,1537,1,1,19,19,42,-110,124,-105,61,-4,-122,-29,-80,58,-69,0,-61,38,35,87,32,-91,-14,0,-11,96,104,31,6,63,-16,64
Raw,1790862477998
Raw,1790862478998
Nav,25,1537,1,1,16,16,-24,-107,57,-115,-85,17,-105,91,16,84,-126,-92,0,102,120,0,0,0,0,0,10,-86,-86,-107,-83,-48,18,-80
Raw,1790862479998
Raw,1790862480998
Raw,1790862481998
Raw,1790862482998
Nav,25,1537,1,1,0,0,-107,85,85,85,85,85,85,85,85,85,85,86,25,-96,-126,48,0,0,0,0,10,-86,-86,-99,-55,-27,-32,64
Nav,3,1537,1,1,0,0,-107,85,85,85,85,85,85,85,85,85,85,86,25,-96,-126,53,-20,83,63,3,39,-117,0,28,-25,-59,-80,64
Raw,1790862483998
Raw,1790862484998
Nav,25,1537,1,1,1,1,5,25,-106,62,-28,-48,39,0,30,-4,-109,-86,4,-20,50,48,0,0,0,0,10,-86,-86,-108,-118,90,-78,-80
Raw,1790862485998
Raw,1790862486998
Nav,25,1537,1,2,3,3,5,63,-15,-101,-57,-22,-63,-95,69,-14,-125,10,-62,32,22,-80,0,0,0,0,10,-86,-86,-106,-112,98,82,-16
Nav,3,1537,1,2,3,3,5,-65,-15,26,72,-90,63,15,68,77,5,69,-66,-30,-42,-77,-10,-124,-82,70,42,-86,-86,-102,65,-127,114,-16
Raw,1790862487998
Raw,1790862488998
Nav,25,1537,1,2,5,5,32,-65,-104,34,-96,0,-32,48,11,12,-63,5,42,-86,-86,-96,0,0,0,0,10,-86,-86,-97,-71,76,-32,64
Raw,1790862489998
Raw,1790862490998
Nav,25,1537,1,2,0,0,-107,85,85,85,85,85,85,85,85,85,85,86,25,-96,-126,-80,0,0,0,0,10,-86,-86,-102,-127,18,-110,-80
Nav,3,1537,1,2,0,0,-107,85,85,85,85,85,85,85,85,85,85,86,25,-96,-126,-66,-53,-56,80,-34,42,-86,-86,-97,85,-101,18,-80
Raw,1790862491998
Raw,1790862492998
Nav,25,1537,1,2,16,16,-24,-107,57,-115,-85,17,-105,91,16,84,-126,-92,0,102,120,0,0,0,0,0,10,-86,-86,-107,-83,-48,18,-16
Nav,3,1537,1,2,16,16,9,33,16,65,-42,61,65,-75,66,-67,-61,39,-1,98,124,1,-28,78,32,0,10,-86,-86,-102,-52,75,18,-16
Raw,1790862493998
Raw,1790862494998
Nav,16,1537,1,2,2,2,5,-91,-50,98,-67,-119,-49,59,64,101,-30,-79,-69,46,119,-39,46,88,-41,47,-54,-86,-86,-110,110,-99,-16,64
Nav,25,1537,1,2,2,2,5,37,-42,-61,62,73,-54,36,7,55,-11,-78,-128,110,-56,-48,0,0,0,0,10,-86,-86,-102,107,86,-64,64
Nav,3,1537,1,2,2,2,5,-112,109,98,-70,-55,-33,-78,4,74,-27,-26,25,97,98,25,46,4,114,1,-102,-86,-86,-102,82,6,0,64
Raw,1790862495998
Raw,1790862496998
Nav,16,1537,1,2,4,4,5,-112,-1,-7,-1,-59,102,-85,-1,125,-91,-121,-1,-27,0,27,74,5,60,-6,-86,-86,-86,-105,77,64,2,-80
Nav,25,1537,1,2,4,4,5,25,-1,-84,0,31,102,88,0,44,-36,-57,-1,-17,-80,16,0,0,0,0,10,-86,-86,-100,85,90,-110,-80
Raw,1790862497998
Raw,1790862498998
Nav,25,1537,1,2,6,6,0,0,0,0,0,0,0,18,96,-122,-119,-30,76,36,25,-96,0,0,0,0,10,-86,-86,-102,8,-28,-78,-16
Raw,1790862499998
Raw,1790862500998
Raw,1790862501998
Raw,1790862502998
Nav,16,1537,1,2,10,10,25,117,-65,-27,116,-39,-4,-45,-1,-16,-1,-94,-2,-27,-32,102,-109,-60,-80,82,26,-86,-86,-103,45,-92,18,-80
Nav,25,1537,1,2,10,10,-7,117,-65,-27,105,23,-4,-45,-1,-16,-1,-94,-2,-27,-32,96,0,0,0,0,10,-86,-86,-110,20,-22,98,-80
Raw,1790862503998
Raw,1790862504998
Nav,16,1537,1,2,18,18,80,-126,47,1,-48,-106,-89,-83,19,-66,-64,-33,-43,111,-14,-93,0,-15,-106,80,-6,-86,-86,-106,-128,-76,-46,-16
Nav,25,1537,1,2,18,18,-118,47,15,65,-111,-28,30,7,9,33,3,61,-92,44,-102,-112,0,0,0,0,10,-86,-86,-110,83,-89,34,-16
Nav,3,1537,1,2,18,18,-67,-90,-62,-104,8,5,-77,44,-116,-101,-71,88,-128,105,-99,53,-96,-14,52,-7,122,-86,-86,-101,-59,91,-110,-16
Raw,1790862505998
Raw,1790862506998
Nav,16,1537,1,2,20,20,16,-126,-104,-8,125,9,73,-110,-84,10,45,85,13,-84,-16,85,98,-51,113,12,-6,-86,-86,-107,41,-44,64,64
Nav,25,1537,1,2,20,20,115,15,-35,-52,85,-86,-104,52,-81,-87,123,13,-24,-83,-8,80,0,0,0,0,10,-86,-86,-110,27,-91,-32,64
Raw,1790862507998
Raw,1790862508998
Nav,25,1537,1,2,16,16,-24,-107,57,-119,-85,17,-105,91,16,84,-48,56,0,102,-124,0,0,0,0,0,10,-86,-86,-103,-76,6,18,-80
Raw,1790862509998
Raw,1790862510998
Nav,25,1537,1,3,0,0,-107,85,85,85,85,85,85,85,85,85,85,86,25,-96,-125,-16,0,0,0,0,10,-86,-86,-101,-122,-32,18,-16
Raw,1790862511998
Raw,1790862512998
Nav,25,1537,1,3,0,0,-107,85,85,85,85,85,85,85,85,85,85,86,25,-96,-124,16,0,0,0,0,10,-86,-86,-107,-53,-35,64,64
Nav,3,1537,1,3,0,0,-107,85,85,85,85,85,85,85,85,85,85,86,25,-96,-124,24,-9,126,82,-29,-70,-86,-86,-100,-8,-120,80,64
Raw,1790862513998
Raw,1790862514998
Nav,3,1537,1,3,1,1,5,-103,-86,45,-44,81,-83,0,72,-16,13,-86,4,-21,28,63,-79,-100,-5,-4,90,-86,-86,-98,82,-96,-46,-80
Raw,1790862515998
Raw,1790862516998
Nav,25,1537,1,3,3,3,5,63,-15,-101,-57,-22,-63,-95,69,-14,-125,10,-62,32,22,-80,0,0,0,0,10,-86,-86,-106,-112,98,82,-16
Nav,3,1537,1,3,3,3,5,-65,-15,26,72,-90,63,15,68,77,5,69,-66,-30,-42,-79,-93,59,120,-111,-70,-86,-86,-99,-37,-115,-78,-16
Raw,1790862517998
Raw,1790862518998
Nav,25,1537,1,3,5,5,32,-65,-104,34,-96,0,-32,48,11,12,-63,8,-22,-86,-86,-96,0,0,0,0,10,-86,-86,-110,-34,29,-32,64
Nav,16,1537,1,3,5,5,32,-65,-104,34,-96,126,31,-96,11,12,-63,8,-22,-86,-86,-94,-5,37,-80,-111,122,-86,-86,-97,-119,93,48,64
Nav,3,1537,1,3,5,5,32,-65,-104,34,-96,0,64,24,11,12,-63,8,-22,-86,-86,-82,75,37,-80,-111,122,-86,-86,-98,82,-18,-80,64
Raw,1790862519998
Raw,1790862520998
Raw,1790862521998
Raw,1790862522998
Raw,1790862523998
Raw,1790862524998
Nav,16,1537,1,3,2,2,5,-91,-50,98,-67,-119,-49,59,64,101,-30,-79,-69,46,119,-39,46,105,-89,-33,-54,-86,-86,-99,-112,-65,-80,64
Nav,25,1537,1,3,2,2,5,37,-42,-61,62,73,-54,36,7,55,-11,-78,-128,110,-56,-48,0,0,0,0,10,-86,-86,-102,107,86,-64,64
Nav,3,1537,1,3,2,2,5,-112,109,98,-70,-55,-33,-78,4,74,-27,-26,25,97,98,25,47,35,69,-46,122,-86,-86,-111,81,9,32,64
Raw,1790862525998
Raw,1790862526998
Nav,16,1537,1,3,4,4,5,-112,-1,-7,-1,-59,102,-85,-1,125,-91,-121,-1,-27,0,27,83,-45,-54,-7,-102,-86,-86,-106,-11,-123,-46,-80
Nav,25,1537,1,3,4,4,5,25,-1,-84,0,31,102,88,0,44,-36,-57,-1,-17,-80,16,0,0,0,0,10,-86,-86,-100,85,90,-110,-80
Raw,1790862527998
Raw,1790862528998
Nav,16,1537,1,3,6,6,0,0,0,0,0,0,0,18,96,-122,-119,-30,76,36,40,-89,-47,-72,74,11,90,-86,-86,-105,-97,-39,-110,-16
Raw,1790862529998
Raw,1790862530998
Nav,25,1537,1,3,7,7,-6,-113,1,85,85,85,85,85,85,85,85,85,85,101,85,80,0,0,0,0,10,-86,-86,-104,-126,1,-48,64
Raw,1790862531998
Raw,1790862532998
Nav,25,1537,1,3,8,8,-11,85,85,85,82,-32,19,0,-51,100,-34,-42,92,-21,-2,64,0,0,0,0,10,-86,-86,-97,-6,19,2,-80
Nav,16,1537,1,3,8,8,21,85,85,85,82,-32,19,0,-51,100,-2,-42,92,-21,-2,75,-46,-59,-89,-47,10,-86,-86,-103,78,78,-46,-80
Raw,1790862533998
Raw,1790862534998
Nav,25,1537,1,4,17,17,109,36,51,67,61,-6,7,-75,16,41,-119,-123,-65,111,2,48,0,0,0,0,10,-86,-86,-102,105,86,18,-16
Raw,1790862535998
Raw,1790862536998
Nav,25,1537,1,4,19,19,17,10,-14,10,16,-87,10,-93,3,-53,79,-122,16,102,-41,-16,0,0,0,0,10,-86,-86,-108,48,98,64,64
Nav,16,1537,1,4,19,19,62,-66,-24,100,44,-21,-63,86,-71,62,71,-93,105,-93,-100,114,116,68,-79,-112,-6,-86,-86,-112,49,-1,0,64
Raw,1790862537998
Raw,1790862538998
Nav,25,1537,1,4,16,16,-24,-108,-7,-121,-85,16,-105,91,12,85,29,-44,0,102,-116,0,0,0,0,0,10,-86,-86,-109,-59,79,2,-80
Raw,1790862539998
Raw,1790862540998
Raw,1790862541998
Raw,1790862542998
Nav,25,1537,1,4,0,0,-107,85,85,85,85,85,85,85,85,85,85,86,25,-96,-123,-16,0,0,0,0,10,-86,-86,-108,79,-42,-128,64
Nav,16,1537,1,4,0,0,-107,85,85,85,85,85,85,85,85,85,85,86,25,-96,-123,-12,-104,-46,105,99,-38,-86,-86,-109,-58,-60,-96,64
Raw,1790862543998
Raw,1790862544998
Nav,25,1537,1,4,1,1,5,25,-106,62,-28,-48,39,0,30,-4,-109,-86,4,-20,50,48,0,0,0,0,10,-86,-86,-108,-118,90,-78,-80
Nav,16,1537,1,4,1,1,5,-103,-86,-85,1,-37,32,0,46,-55,-125,-86,4,-17,19,116,-46,0,-14,88,74,-86,-86,-105,25,-76,-78,-80
Nav,5,1537,1,4,1,1,5,25,-106,72,-23,-29,40,0,35,-93,75,-86,4,-21,12,48,0,0,0,0,10,-86,-86,-98,56,-34,2,-80
Raw,1790862545998
Raw,1790862546998
Nav,25,1537,1,4,3,3,5,63,-15,-101,-57,-22,-63,-95,69,-14,-125,10,-62,32,22,-80,0,0,0,0,10,-86,-86,-106,-112,98,82,-16
Nav,3,1537,1,4,3,3,5,-65,-15,26,72,-90,63,15,68,77,5,69,-66,-30,-42,-66,60,10,63,65,-54,-86,-86,-103,17,-85,82,-16
Raw,1790862547998
Raw,1790862548998
Nav,25,1537,1,4,5,5,32,-65,-104,34,-96,0,-32,48,11,12,-63,12,-86,-86,-86,-96,0,0,0,0,10,-86,-86,-108,-86,91,-96,64
Nav,16,1537,1,4,5,5,32,-65,-104,34,-96,126,31,-96,11,12,-63,12,-86,-86,-86,-92,-102,-71,-64,-122,99,58,-40,-44,-121,83,32,64
Nav,3,1537,1,4,5,5,32,-65,-104,34,-96,0,64,24,11,12,-63,12,-86,-86,-86,-93,106,-71,-64,-122,106,-86,-86,-98,-74,84,16,64
Nav,5,1537,1,4,5,5,32,-65,-104,34,-96,1,0,56,11,12,-63,12,-86,-86,-86,-96,0,0,0,0,10,-86,-86,-111,-49,-3,-80,64
Raw,1790862549998
Raw,1790862550998
Nav,25,1537,1,4,0,0,-107,85,85,85,85,85,85,85,85,85,85,86,25,-96,-122,112,0,0,0,0,10,-86,-86,-104,-47,-35,98,-80
Nav,16,1537,1,4,0,0,-107,85,85,85,85,85,85,85,85,85,85,86,25,-96,-122,117,19,-59,-66,-12,96,60,100,24,111,46,-94,-80
Nav,5,1537,1,4,0,0,-107,85,85,85,85,85,85,85,85,85,85,86,25,-96,-122,112,0,0,0,0,10,-86,-86,-104,-47,-35,98,-80
Raw,1790862551998
Raw,1790862552998
Nav,25,1537,1,4,16,16,-24,-108,-7,-121,-85,16,-105,91,12,85,29,-44,0,102,-116,0,0,0,0,0,10,-86,-86,-109,-59,79,2,-16
Nav,16,1537,1,4,16,16,-34,-47,-8,15,-75,59,-105,57,78,-112,-96,35,-2,-18,123,-12,-39,68,-16,0,3,-43,64,-107,29,-77,-110,-16
Nav,3,1537,1,4,16,16,9,32,80,69,-42,61,65,-75,66,-66,94,83,-1,98,100,15,41,68,-16,0,10,-86,-86,-107,127,41,50,-16
Nav,5,1537,1,4,16,16,64,92,7,-113,-42,104,65,-75,-102,-2,51,52,1,38,-52,0,0,0,0,0,10,-86,-86,-110,12,-124,82,-16
Raw,1790862553998
Raw,1790862554998
Nav,25,1537,1,4,2,2,5,37,-42,-61,62,73,-54,36,7,55,-11,-78,-128,110,-56,-48,0,0,0,0,10,-86,-86,-102,107,86,-64,64
Nav,16,1537,1,4,2,2,5,-91,-50,98,-67,-119,-49,59,64,101,-30,-79,-69,46,119,-39,35,102,109,70,90,-86,-86,-107,96,33,96,64
Nav,3,1537,1,4,2,2,5,-112,109,98,-70,-55,-33,-78,4,74,-27,-26,25,97,98,25,39,37,102,53,90,-86,-86,-111,31,-55,-64,64
Nav,5,1537,1,4,2,2,5,16,109,111,126,73,-33,-70,-70,-118,-105,28,-12,-31,62,-48,0,0,0,0,10,-86,-86,-106,75,69,0,64
Raw,1790862555998
Raw,1790862556998
Nav,25,1537,1,4,4,4,5,25,-1,-84,0,31,102,88,0,44,-36,-57,-1,-17,-80,16,0,0,0,0,10,-86,-86,-100,85,90,-110,-80
Nav,16,1537,1,4,4,4,5,-112,-1,-7,-1,-59,102,-85,-1,125,-91,-121,-1,-27,0,27,100,67,-13,-2,-118,-86,-86,-104,-8,-97,-126,-80
Nav,3,1537,1,4,4,4,5,-125,-1,-22,-1,-24,102,-85,-1,-91,109,63,-1,-26,-32,27,26,44,-11,-6,42,-86,-86,-98,-94,64,-46,-80
Nav,5,1537,1,4,4,4,5,5,-1,-1,-1,-23,102,88,0,-116,-31,56,0,43,-64,16,0,0,0,0,10,-86,-86,-104,-83,-28,-62,-80
Raw,1790862557998
Raw,1790862558998
Nav,25,1537,1,5,6,6,0,0,0,0,0,0,0,18,96,-122,-119,-30,76,36,55,-96,0,0,0,0,10,-86,-86,-99,-110,-46,-14,-16
Nav,16,1537,1,5,6,6,0,0,0,0,0,0,0,18,96,-122,-119,-30,76,36,55,-94,-52,91,71,-68,-102,-86,-86,-112,-100,43,-78,-16
Nav,3,1537,1,5,6,6,0,0,0,0,0,0,0,18,96,-122,-119,-30,76,36,55,-92,114,24,-96,55,-86,-86,-86,-112,71,2,18,-16
Nav,5,1537,1,5,6,6,0,0,0,0,0,0,0,18,96,-122,-119,-30,76,36,55,-96,0,0,0,0,10,-86,-86,-99,-110,-46,-14,-16
Raw,1790862559998
Raw,1790862560998
Nav,25,1537,1,5,9,9,-6,-113,18,73,-1,-27,0,0,0,-86,-86,-86,-86,-86,-86,-96,0,0,0,0,10,-86,-86,-106,8,-89,112,64
Nav,16,1537,1,5,9,9,26,-111,24,88,-1,-27,0,0,0,-86,-86,-86,-86,-86,-86,-91,-64,80,-14,121,-86,-86,-86,-105,-66,-69,32,64
Nav,5,1537,1,5,9,9,-6,-113,18,73,-1,-27,0,0,0,-86,-86,-86,-86,-86,-86,-96,0,0,0,0,10,-86,-86,-106,8,-89,112,64
Raw,1790862561998
Raw,1790862562998
Nav,25,1537,1,5,10,10,-6,-86,-86,-86,-86,-86,-86,-86,-86,-86,-1,-94,-2,-27,-32,96,0,0,0,0,10,-86,-86,-104,95,112,-110,-80
Nav,16,1537,1,5,10,10,26,-86,-86,-86,-86,-86,-86,-86,-86,-86,-1,-94,-2,-27,-32,98,-23,-4,69,-62,26,-86,-86,-97,-86,-125,34,-80
Nav,5,1537,1,5,10,10,-6,-86,-86,-86,-86,-86,-86,-86,-86,-86,-1,-94,-2,-27,-32,96,0,0,0,0,10,-86,-86,-104,95,112,-110,-80
Raw,1790862563998
Raw,1790862564998
Nav,16,1537,1,5,18,18,80,-126,47,1,-48,-106,-89,-83,19,-66,-64,-33,-43,111,-14,-94,-48,-2,77,-69,106,-86,-86,-104,19,102,98,-16
Nav,25,1537,1,5,18,18,-118,47,15,65,-111,-28,30,7,9,33,3,61,-92,44,-102,-112,0,0,0,0,10,-86,-86,-110,83,-89,34,-16
Nav,5,1537,1,5,18,18,106,11,118,-28,-31,-128,-52,121,-15,97,-20,90,-85,46,8,-96,0,0,0,0,10,-86,-86,-106,-58,48,-46,-16
Raw,1790862565998
Raw,1790862566998
Nav,16,1537,1,5,20,20,16,-126,-104,-8,125,9,73,-110,-84,10,45,85,13,-84,-16,87,34,111,17,12,-6,-86,-86,-112,-106,-17,48,64
Nav,25,1537,1,5,20,20,115,15,-35,-52,85,-86,-104,52,-81,-87,123,13,-24,-83,-8,80,0,0,0,0,10,-86,-86,-110,27,-91,-32,64
Nav,3,1537,1,5,20,20,-36,-121,-102,34,111,-90,38,-125,-111,-121,65,-82,60,-25,84,-87,-57,-127,112,60,-6,-86,-86,-108,92,-58,16,64
Nav,5,1537,1,5,20,20,-103,63,25,109,-63,-107,113,66,-118,-7,-118,59,94,42,28,96,0,0,0,0,10,-86,-86,-100,33,52,0,64
Raw,1790862567998
Raw,1790862568998
Nav,16,1537,1,5,16,16,-34,-46,56,19,-75,59,-105,57,78,-112,-19,-73,-2,-18,108,7,28,-48,70,-31,-54,-86,-86,-102,-16,-91,-46,-80
Nav,25,1537,1,5,16,16,-24,-108,-7,-125,-85,16,-105,91,12,85,107,104,0,102,-104,0,0,0,0,0,10,-86,-86,-100,125,-56,-78,-80
Nav,3,1537,1,5,16,16,9,32,16,71,-42,61,65,-75,64,-66,-85,-21,-1,98,92,15,-46,-102,-30,39,-22,-86,-86,-99,-39,41,114,-80
Raw,1790862569998
Raw,1790862570998
Nav,16,1537,1,5,0,0,-107,85,85,85,85,85,85,85,85,85,85,86,25,-96,-121,-78,126,-79,-112,-16,-22,-86,-86,-99,-52,51,-126,-16
Nav,25,1537,1,5,0,0,-107,85,85,85,85,85,85,85,85,85,85,86,25,-96,-121,-80,0,0,0,0,10,-86,-86,-98,-98,-40,-110,-16
Nav,3,1537,1,5,0,0,-107,85,85,85,85,85,85,85,85,85,85,86,25,-96,-121,-77,-46,-111,-96,-7,122,-86,-86,-110,6,-22,82,-16
Nav,5,1537,1,5,0,0,-107,85,85,85,85,85,85,85,85,85,85,86,25,-96,-121,-80,0,0,0,0,10,-86,-86,-98,-98,-40,-110,-16
Raw,1790862571998
Raw,1790862572998
Nav,16,1537,1,5,0,0,-107,85,85,85,85,85,85,85,85,85,85,86,25,-96,-121,-43,-26,40,85,-123,74,-86,-86,-107,-120,127,-96,64
Nav,25,1537,1,5,0,0,-107,85,85,85,85,85,85,85,85,85,85,86,25,-96,-121,-48,0,0,0,0,10,-86,-86,-106,-61,-54,-64,64
Nav,3,1537,1,5,0,0,-107,85,85,85,85,85,85,85,85,85,85,86,25,-96,-121,-48,-47,83,87,75,106,-86,-86,-104,-109,-117,0,64
Nav,5,1537,1,5,0,0,-107,85,85,85,85,85,85,85,85,85,85,86,25,-96,-121,-48,0,0,0,0,10,-86,-86,-106,-61,-54,-64,64
Raw,1790862573998
Raw,1790862574998
Nav,16,1537,1,5,1,1,5,-103,-86,-85,1,-37,32,0,46,-55,-125,-86,4,-17,19,122,114,28,-12,3,106,-86,-86,-106,29,-80,-110,-80
Nav,25,1537,1,5,1,1,5,25,-106,62,-28,-48,39,0,30,-4,-109,-86,4,-20,50,48,0,0,0,0,10,-86,-86,-108,-118,90,-78,-80
Nav,3,1537,1,5,1,1,5,-103,-86,45,-44,81,-83,0,72,-16,13,-86,4,-21,28,51,33,-100,-12,3,106,-86,-86,-104,-119,-28,-30,-80
Nav,5,1537,1,5,1,1,5,25,-106,72,-23,-29,40,0,35,-93,75,-86,4,-21,12,48,0,0,0,0,10,-86,-86,-98,56,-34,2,-80
Raw,1790862575998
Raw,1790862576998
Nav,16,1537,1,5,3,3,5,-65,-15,-119,71,-2,-63,-83,6,36,2,-9,2,41,-106,-77,-9,-11,110,81,-38,-86,-86,-105,-92,122,-62,-16
Nav,25,1537,1,5,3,3,5,63,-15,-101,-57,-22,-63,-95,69,-14,-125,10,-62,32,22,-80,0,0,0,0,10,-86,-86,-106,-112,98,82,-16
Nav,3,1537,1,5,3,3,5,-65,-15,26,72,-90,63,15,68,77,5,69,-66,-30,-42,-69,71,-11,110,81,-38,-86,-86,-112,73,-6,114,-16
Nav,5,1537,1,5,3,3,5,63,-15,53,-56,112,-65,6,68,46,-123,105,62,-29,86,-80,0,0,0,0,10,-86,-86,-111,-54,-11,34,-16
Raw,1790862577998
Raw,1790862578998
Nav,16,1537,1,5,5,5,32,-65,-104,34,-96,126,31,-96,11,12,-63,16,106,-86,-86,-92,42,77,42,110,58,-86,-86,-105,94,-59,-128,64
Nav,25,1537,1,5,5,5,32,-65,-104,34,-96,0,-32,48,11,12,-63,16,106,-86,-86,-96,0,0,0,0,10,-86,-86,-104,120,-36,16,64
Nav,3,1537,1,5,5,5,32,-65,-104,34,-96,0,64,24,11,12,-63,16,106,-86,-86,-96,-38,77,42,110,58,-86,-86,-100,-27,-14,-64,64
Nav,5,1537,1,5,5,5,32,-65,-104,34,-96,1,0,56,11,12,-63,16,106,-86,-86,-96,0,0,0,0,10,-86,-86,-99,29,122,0,64
Raw,1790862579998
Raw,1790862580998
Nav,16,1537,1,5,0,0,-107,85,85,85,85,85,85,85,85,85,85,86,25,-96,-120,94,-50,22,89,17,122,-86,-86,-105,-124,-60,18,-80
Nav,25,1537,1,5,0,0,-107,85,85,85,85,85,85,85,85,85,85,86,25,-96,-120,80,0,0,0,0,10,-86,-86,-99,-85,99,-78,-80
Nav,3,1537,1,5,0,0,-107,85,85,85,85,85,85,85,85,85,85,86,25,-96,-120,81,110,22,89,17,122,-86,-86,-99,1,-122,-62,-80
Nav,5,1537,1,5,0,0,-107,85,85,85,85,85,85,85,85,85,85,86,25,-96,-120,80,0,0,0,0,10,-86,-86,-99,-85,99,-78,-80
Raw,1790862581998
Raw,1790862582998
Nav,16,1537,1,6,16,16,-34,-46,56,19,-75,59,-105,57,78,-112,-19,-73,-2,-18,108,1,-28,-109,112,0,10,-86,-86,-106,32,-34,-62,-16
Nav,25,1537,1,6,16,16,-24,-108,-7,-125,-85,16,-105,91,12,85,107,104,0,102,-104,0,0,0,0,0,10,-86,-86,-100,125,-56,-78,-16
Nav,3,1537,1,6,16,16,9,32,16,71,-42,61,65,-75,64,-66,-85,-21,-1,98,92,2,52,-109,112,0,10,-86,-86,-99,-95,107,-78,-16
Nav,5,1537,1,6,16,16,64,92,7,-117,-42,105,65,-75,-102,-2,-128,-52,1,38,-52,0,0,0,0,0,10,-86,-86,-110,-25,-29,-78,-16
Raw,1790862583998
Raw,1790862584998
Nav,16,1537,1,6,2,2,5,-91,-50,98,-67,-119,-49,59,64,101,-30,-79,-69,46,119,-39,45,-48,107,80,-86,-86,-86,-97,-99,76,32,64
Nav,25,1537,1,6,2,2,5,37,-42,-61,62,73,-54,36,7,55,-11,-78,-128,110,-56,-48,0,0,0,0,10,-86,-86,-102,107,86,-64,64
Nav,3,1537,1,6,2,2,5,-112,109,98,-70,-55,-33,-78,4,74,-27,-26,25,97,98,25,39,-91,48,118,90,-86,-86,-104,24,83,-128,64
Nav,5,1537,1,6,2,2,5,16,109,111,126,73,-33,-70,-70,-118,-105,28,-12,-31,62,-48,0,0,0,0,10,-86,-86,-106,75,69,0,64
Raw,1790862585998
Raw,1790862586998
Nav,16,1537,1,6,4,4,5,-112,-1,-7,-1,-59,102,-85,-1,125,-91,-121,-1,-27,0,27,122,91,10,-2,-70,-86,-86,-108,-50,-118,50,-80
Nav,25,1537,1,6,4,4,5,25,-1,-84,0,31,102,88,0,44,-36,-57,-1,-17,-80,16,0,0,0,0,10,-86,-86,-100,85,90,-110,-80
Nav,3,1537,1,6,4,4,5,-125,-1,-22,-1,-24,102,-85,-1,-91,109,63,-1,-26,-32,27,46,-105,-41,-16,-54,-86,-86,-104,-18,122,2,-80
Nav,5,1537,1,6,4,4,5,5,-1,-1,-1,-23,102,88,0,-116,-31,56,0,43,-64,16,0,0,0,0,10,-86,-86,-104,-83,-28,-62,-80
Raw,1790862587998
Raw,1790862588998
Nav,16,1537,1,6,6,6,0,0,0,0,0,0,0,18,96,-122,-119,-30,76,36,70,-93,110,71,-7,88,122,-86,-86,-101,-126,-32,66,-16
Nav,25,1537,1,6,6,6,0,0,0,0,0,0,0,18,96,-122,-119,-30,76,36,70,-96,0,0,0,0,10,-86,-86,-98,-22,116,-94,-16
Nav,3,1537,1,6,6,6,0,0,0,0,0,0,0,18,96,-122,-119,-30,76,36,70,-93,103,-34,-98,-48,10,-86,-86,-97,120,-125,-62,-16
Nav,5,1537,1,6,6,6,0,0,0,0,0,0,0,18,96,-122,-119,-30,76,36,70,-96,0,0,0,0,10,-86,-86,-98,-22,116,-94,-16
Raw,1790862589998
Raw,1790862590998
Nav,16,1537,1,6,7,7,26,-111,100,1,-32,63,127,115,-43,-53,-83,-1,36,99,-67,85,82,16,-7,-7,74,-86,-86,-97,-34,74,-128,64
Nav,25,1537,1,6,7,7,-6,-113,100,1,-32,63,127,95,-43,-53,-83,-1,35,-21,-107,80,0,0,0,0,10,-86,-86,-109,22,-128,80,64
Nav,3,1537,1,6,7,7,26,-111,100,1,-32,63,127,115,-43,-53,-83,-1,36,99,-67,85,-31,-112,-14,6,-22,-86,-86,-111,14,68,64,64
Nav,5,1537,1,6,7,7,-6,-113,100,1,-32,63,127,95,-43,-53,-83,-1,35,-21,-107,80,0,0,0,0,10,-86,-86,-109,22,-128,80,64
Raw,1790862591998
Raw,1790862592998
Nav,16,1537,1,6,8,8,16,0,-80,0,3,64,7,2,-42,19,65,19,-77,42,-2,11,-3,107,-14,-111,10,-86,-86,-103,-17,12,-94,-80
Nav,25,1537,1,6,8,8,-16,0,-80,0,3,64,7,2,-42,18,-31,19,-77,42,-2,0,0,0,0,0,10,-86,-86,-97,-6,-112,-62,-80
Nav,3,1537,1,6,8,8,16,0,-80,0,3,64,7,2,-42,19,65,19,-77,42,-2,13,-105,-8,-124,-64,58,-86,-86,-102,105,-68,-110,-80
Raw,1790862593998
Raw,1790862594998
Nav,16,1537,1,6,17,17,66,-87,50,110,-106,6,-89,-74,-40,9,99,-125,20,-92,-65,-11,-92,-7,109,93,-6,-86,-86,-98,95,-43,-62,-16
Nav,25,1537,1,6,17,17,109,36,51,67,61,-6,7,-75,16,41,-119,-123,-65,111,2,48,0,0,0,0,10,-86,-86,-102,105,86,18,-16
Nav,3,1537,1,6,17,17,100,-76,-123,-40,-37,116,-100,-44,17,113,-66,10,-8,-25,11,-26,20,-5,34,-18,26,-86,-86,-107,33,-128,-14,-16
Raw,1790862595998
Raw,1790862596998
Nav,16,1537,1,6,19,19,62,-66,-24,100,44,-21,-63,86,-71,62,71,-93,105,-93,-100,123,83,-92,-47,-112,-6,-86,-86,-112,-25,-20,64,64
Nav,25,1537,1,6,19,19,17,10,-14,10,16,-87,10,-93,3,-53,79,-122,16,102,-41,-16,0,0,0,0,10,-86,-86,-108,48,98,64,64
Nav,3,1537,1,6,19,19,42,-110,124,-105,61,-4,-122,-29,-80,58,-69,0,-61,38,35,83,26,49,-126,0,-6,-86,-86,-98,-115,-99,112,64
Raw,1790862597998
Raw,1790862598998
Nav,16,1537,1,6,16,16,-26,-46,56,19,-75,59,-105,57,76,-111,59,83,-2,-17,76,2,70,-72,64,97,90,-86,-86,-100,46,-107,34,-80
Nav,25,1537,1,6,16,16,-24,-108,-71,-127,-85,16,-105,91,12,85,-71,0,0,102,-96,0,0,0,0,0,10,-86,-86,-104,-45,-96,2,-80
Nav,3,1537,1,6,16,16,9,31,-48,75,-42,61,65,-75,64,-66,-7,127,-1,98,80,14,-27,-64,121,-95,-102,-86,-86,-102,-72,-117,-78,-80
Raw,1790862599998
Raw,1790862600998
Nav,16,1537,1,6,0,0,-107,85,85,85,85,85,85,85,85,85,85,86,25,-96,-119,-101,97,-79,12,-6,-102,-86,-86,-103,85,-10,-110,-16
Nav,25,1537,1,6,0,0,-107,85,85,85,85,85,85,85,85,85,85,86,25,-96,-119,-112,0,0,0,0,10,-86,-86,-101,-28,102,66,-16
Nav,3,1537,1,6,0,0,-107,85,85,85,85,85,85,85,85,85,85,86,25,-96,-119,-106,2,-48,60,-9,106,-86,-86,-105,65,-19,50,-16
Raw,1790862601998
Raw,1790862602998
Nav,16,1537,1,6,0,0,-107,85,85,85,85,85,85,85,85,85,85,86,25,-96,-119,-72,-3,84,-76,74,-54,-86,-86,-101,92,-34,-16,64
Nav,25,1537,1,6,0,0,-107,85,85,85,85,85,85,85,85,85,85,86,25,-96,-119,-80,0,0,0,0,10,-86,-86,-100,47,104,112,64
Nav,3,1537,1,6,0,0,-107,85,85,85,85,85,85,85,85,85,85,86,25,-96,-119,-78,42,-106,-7,24,122,-86,-86,-97,-128,52,-16,64
Raw,1790862603998
Raw,1790862604998
Nav,16,1537,1,6,1,1,5,-103,-86,-85,1,-37,32,0,46,-55,-125,-86,4,-17,19,127,-78,0,-10,19,-86,-86,-86,-103,123,35,18,-80
Nav,25,1537,1,6,1,1,5,25,-106,62,-28,-48,39,0,30,-4,-109,-86,4,-20,50,48,0,0,0,0,10,-86,-86,-108,-118,90,-78,-80
Nav,3,1537,1,6,1,1,5,-103,-86,45,-44,81,-83,0,72,-16,13,-86,4,-21,28,60,112,80,-10,19,-86,-86,-86,-110,71,-31,-46,-80
Raw,1790862605998
Raw,1790862606998
Nav,16,1537,1,7,3,3,5,-65,-15,-119,71,-2,-63,-83,6,36,2,-9,2,41,-106,-79,-81,-55,88,-47,106,-86,-86,-105,66,7,34,-16
Nav,3,1537,1,7,3,3,5,-65,-15,26,72,-90,63,15,68,77,5,69,-66,-30,-42,-79,-113,-55,88,-47,106,-86,-86,-101,102,-21,-14,-16
Nav,25,1537,1,7,3,3,5,63,-15,-101,-57,-22,-63,-95,69,-14,-125,10,-62,32,22,-80,0,0,0,0,10,-86,-86,-106,-112,98,82,-16
Raw,1790862607998
Raw,1790862608998
Nav,16,1537,1,7,5,5,32,-65,-104,34,-96,126,31,-96,11,12,-63,20,42,-86,-86,-82,66,-91,-55,36,-6,-86,-86,-102,-109,16,16,64
Nav,3,1537,1,7,5,5,32,-65,-104,34,-96,0,64,24,11,12,-63,20,42,-86,-86,-91,-30,-91,-55,36,-6,-86,-86,-100,-63,55,112,64
Nav,25,1537,1,7,5,5,32,-65,-104,34,-96,0,-32,48,11,12,-63,20,42,-86,-86,-96,0,0,0,0,10,-86,-86,-98,12,-102,80,64
Raw,1790862609998
Raw,1790862610998
Nav,16,1537,1,7,0,0,-107,85,85,85,85,85,85,85,85,85,85,86,25,-96,-118,58,-77,-97,-74,69,26,-86,-86,-111,-30,118,2,-80
Nav,3,1537,1,7,0,0,-107,85,85,85,85,85,85,85,85,85,85,86,25,-96,-118,62,-77,-97,-74,69,26,-86,-86,-110,23,-114,50,-80
Nav,25,1537,1,7,0,0,-107,85,85,85,85,85,85,85,85,85,85,86,25,-96,-118,48,0,0,0,0,10,-86,-86,-112,-79,99,-110,-80
Raw,1790862611998
Raw,1790862612998
Nav,16,1537,1,7,16,16,-26,-46,56,19,-75,59,-105,57,76,-111,59,83,-2,-17,76,4,73,-21,-64,0,10,-86,-86,-112,44,-55,-14,-16
Nav,3,1537,1,7,16,16,9,31,-48,75,-42,61,65,-75,64,-66,-7,127,-1,98,80,3,73,-21,-64,0,10,-86,-86,-98,7,-13,82,-16
Nav,25,1537,1,7,16,16,-24,-108,-71,-127,-85,16,-105,91,12,85,-71,0,0,102,-96,0,0,0,0,0,10,-86,-86,-104,-45,-96,2,-16
Raw,1790862613998
Raw,1790862614998
Nav,16,1537,1,7,2,2,5,-91,-50,98,-67,-119,-49,59,64,101,-30,-79,-69,46,119,-39,41,32,71,-31,106,-86,-86,-97,-15,-62,-80,64
Nav,3,1537,1,7,2,2,5,-112,109,98,-70,-55,-33,-78,4,74,-27,-26,25,97,98,25,41,-31,-46,-44,-102,-86,-86,-106,-53,-13,-128,64
Nav,25,1537,1,7,2,2,5,37,-42,-61,62,73,-54,36,7,55,-11,-78,-128,110,-56,-48,0,0,0,0,10,-86,-86,-102,107,86,-64,64
Raw,1790862615998
Raw,1790862616998
Nav,16,1537,1,7,4,4,5,-112,-1,-7,-1,-59,102,-85,-1,125,-91,-121,-1,-27,0,27,5,72,-14,-3,74,-86,-86,-108,74,115,114,-80
Nav,3,1537,1,7,4,4,5,-125,-1,-22,-1,-24,102,-85,-1,-91,109,63,-1,-26,-32,27,60,-78,-15,-15,74,-86,-86,-108,33,-76,-126,-80
Nav,25,1537,1,7,4,4,5,25,-1,-84,0,31,102,88,0,44,-36,-57,-1,-17,-80,16,0,0,0,0,10,-86,-86,-100,85,90,-110,-80
Raw,1790862617998
Raw,1790862618998
Nav,16,1537,1,7,6,6,0,0,0,0,0,0,0,18,96,-122,-119,-30,76,36,85,-94,44,-57,69,109,74,-86,-86,-99,-61,59,114,-16
Nav,3,1537,1,7,6,6,0,0,0,0,0,0,0,18,96,-122,-119,-30,76,36,85,-88,126,-50,-19,-68,74,-86,-86,-108,-35,48,82,-16
Nav,25,1537,1,7,6,6,0,0,0,0,0,0,0,18,96,-122,-119,-30,76,36,85,-96,0,0,0,0,10,-86,-86,-105,-87,75,98,-16
Raw,1790862619998
Raw,1790862620998
Nav,16,1537,1,7,9,9,26,-111,-99,17,0,-28,0,24,54,0,-16,33,-23,-85,122,-75,0,80,-13,-127,-102,-86,-86,-102,-30,33,-128,64
Nav,3,1537,1,7,9,9,26,-111,-99,17,0,-28,0,24,54,0,-16,33,-23,-85,122,-74,-94,16,-3,-56,10,-86,-86,-112,-3,-83,16,64
Nav,25,1537,1,7,9,9,-6,-113,-105,5,0,-28,0,24,54,0,-16,33,-23,-32,-6,-80,0,0,0,0,10,-86,-86,-99,-94,71,-128,64
Raw,1790862621998
Raw,1790862622998
Nav,16,1537,1,7,10,10,25,117,-65,-27,-97,45,-5,111,-1,-48,-1,-94,-2,-27,-32,100,-112,-17,127,-94,26,-86,-86,-108,-124,-49,98,-80
Nav,3,1537,1,7,10,10,25,117,-65,-27,-97,45,-5,111,-1,-48,-1,-94,-2,-27,-32,110,24,-121,-93,65,-102,-86,-86,-108,21,-26,-94,-80
Nav,25,1537,1,7,10,10,-7,117,-65,-27,-110,-7,-5,111,-1,-48,-1,-94,-2,-27,-32,96,0,0,0,0,10,-86,-86,-107,-25,-93,-110,-80
Raw,1790862623998
Raw,1790862624998
Nav,16,1537,1,7,18,18,80,-126,47,1,-48,-106,-89,-83,19,-66,-64,-33,-43,111,-14,-94,32,-4,-106,-35,10,-86,-86,-108,-10,29,-14,-16
Nav,3,1537,1,7,18,18,-67,-90,-62,-104,8,5,-77,44,-116,-101,-71,88,-128,105,-99,61,48,-6,13,43,-6,-86,-86,-109,-2,63,-14,-16
Nav,25,1537,1,7,18,18,-118,47,15,65,-111,-28,30,7,9,33,3,61,-92,44,-102,-112,0,0,0,0,10,-86,-86,-110,83,-89,34,-16
Nav,12,1537,1,7,0,0,-107,85,85,85,85,85,85,85,85,85,85,86,25,-96,-117,19,0,-5,-42,-100,106,-86,-86,-102,-86,53,-49,-48
Raw,1790862625998
Raw,1790862626998
Nav,16,1537,1,7,20,20,16,-126,-104,-8,125,9,73,-110,-84,10,45,85,13,-84,-16,80,80,-41,-31,12,-6,-86,-86,-103,38,-70,-64,64
Nav,3,1537,1,7,20,20,-36,-121,-102,34,111,-90,38,-125,-111,-121,65,-82,60,-25,84,-87,-20,-82,96,60,-6,-86,-86,-109,-58,18,80,64
Nav,25,1537,1,7,20,20,115,15,-35,-52,85,-86,-104,52,-81,-87,123,13,-24,-83,-8,80,0,0,0,0,10,-86,-86,-110,27,-91,-32,64
Raw,1790862627998
Raw,1790862628998
Nav,16,1537,1,7,16,16,-34,-46,56,21,-75,59,-105,57,76,-111,-120,-25,-2,-18,100,8,111,-10,-36,66,-22,-86,-86,-104,-35,-74,-46,-80
Nav,3,1537,1,7,16,16,17,31,80,77,-42,62,65,-75,62,-65,71,27,-1,99,36,13,-119,-23,-107,-15,-54,-86,-86,-102,-91,99,-30,-80
Nav,25,1537,1,7,16,16,-24,-108,-71,123,-85,16,-105,91,12,86,6,-108,0,102,-80,0,0,0,0,0,10,-86,-86,-99,-65,99,-126,-80
Raw,1790862629998
Raw,1790862630998
Nav,16,1537,1,8,0,0,-107,85,85,85,85,85,85,85,85,85,85,86,25,-96,-117,118,-44,-111,-112,-9,122,-86,-86,-98,-68,-94,-62,-16
Nav,3,1537,1,8,0,0,-107,85,85,85,85,85,85,85,85,85,85,86,25,-96,-117,114,52,-30,0,-16,10,-86,-86,-107,71,-70,-126,-16
Nav,25,1537,1,8,0,0,-107,85,85,85,85,85,85,85,85,85,85,86,25,-96,-117,112,0,0,0,0,10,-86,-86,-111,-74,-111,18,-16
Raw,1790862631998
Raw,1790862632998
Nav,16,1537,1,8,0,0,-107,85,85,85,85,85,85,85,85,85,85,86,25,-96,-117,-100,88,-36,-121,56,-6,-86,-86,-105,82,84,-48,64
Nav,3,1537,1,8,0,0,-107,85,85,85,85,85,85,85,85,85,85,86,25,-96,-117,-103,-105,-42,-74,-82,122,-86,-86,-112,-126,-38,16,64
Nav,25,1537,1,8,0,0,-107,85,85,85,85,85,85,85,85,85,85,86,25,-96,-117,-112,0,0,0,0,10,-86,-86,-98,-93,116,48,64
Nav,12,1537,1,8,0,0,-107,85,85,85,85,85,85,85,85,85,85,86,25,-96,-117,-107,32,41,88,19,-38,-86,-86,-107,-10,62,-17,-48
Raw,1790862633998
Raw,1790862634998
Nav,16,1537,1,8,1,1,5,-103,-86,-85,1,-37,32,0,46,-55,-125,-86,4,-17,19,126,-14,28,-11,116,90,-86,-86,-111,-45,-120,2,-80
Nav,3,1537,1,8,1,1,5,-103,-86,45,-44,81,-83,0,72,-16,13,-86,4,-21,28,60,33,-100,-11,116,90,-86,-86,-112,-14,-36,-62,-80
Nav,25,1537,1,8,1,1,5,25,-106,62,-28,-48,39,0,30,-4,-109,-86,4,-20,50,48,0,0,0,0,10,-86,-86,-108,-118,90,-78,-80
Raw,1790862635998
Raw,1790862636998
Nav,16,1537,1,8,3,3,5,-65,-15,-119,71,-2,-63,-83,6,36,2,-9,2,41,-106,-66,53,33,69,-21,58,-86,-86,-111,53,83,50,-16
Nav,3,1537,1,8,3,3,5,-65,-15,26,72,-90,63,15,68,77,5,69,-66,-30,-42,-71,85,33,69,-21,58,-86,-86,-104,67,-27,82,-16
Nav,25,1537,1,8,3,3,5,63,-15,-101,-57,-22,-63,-95,69,-14,-125,10,-62,32,22,-80,0,0,0,0,10,-86,-86,-106,-112,98,82,-16
Raw,1790862637998
Raw,1790862638998
Nav,16,1537,1,8,5,5,32,-65,-104,34,-96,126,31,-96,11,12,-63,23,-22,-86,-86,-93,111,-63,11,102,74,-86,-86,-98,-15,-43,-32,64
Nav,3,1537,1,8,5,5,32,-65,-104,34,-96,0,64,24,11,12,-63,23,-22,-86,-86,-93,-1,-63,11,102,74,-86,-86,-99,-15,-44,96,64
Nav,25,1537,1,8,5,5,32,-65,-104,34,-96,0,-32,48,11,12,-63,23,-22,-86,-86,-96,0,0,0,0,10,-86,-86,-108,3,29,0,64
Raw,1790862639998
Raw,1790862640998
Nav,16,1537,1,8,0,0,-107,85,85,85,85,85,85,85,85,85,85,86,25,-96,-116,22,-123,6,45,17,58,-86,-86,-102,40,23,82,-80
Nav,3,1537,1,8,0,0,-107,85,85,85,85,85,85,85,85,85,85,86,25,-96,-116,29,-91,6,45,17,58,-86,-86,-112,42,-117,66,-80
Nav,25,1537,1,8,0,0,-107,85,85,85,85,85,85,85,85,85,85,86,25,-96,-116,16,0,0,0,0,10,-86,-86,-104,-77,91,50,-80
Raw,1790862641998
Raw,1790862642998
Nav,3,1537,1,8,16,16,17,31,80,77,-42,62,65,-75,62,-65,71,27,-1,99,36,1,25,-6,48,0,10,-86,-86,-101,-5,-76,-78,-16
Nav,16,1537,1,8,16,16,-34,-46,56,21,-75,59,-105,57,76,-111,-120,-25,-2,-18,100,15,41,-6,48,0,10,-86,-86,-101,-77,83,-30,-16
Nav,25,1537,1,8,16,16,-24,-108,-71,123,-85,16,-105,91,12,86,6,-108,0,102,-80,0,0,0,0,0,10,-86,-86,-99,-65,99,-126,-16
Raw,1790862643998
Raw,1790862644998
Nav,3,1537,1,8,2,2,5,-48,109,96,-123,9,-33,-78,60,-118,-26,-35,-25,33,98,-39,39,20,-88,34,26,-86,-86,-99,-19,-45,64,64
Nav,16,1537,1,8,2,2,5,-27,-50,96,-80,73,-49,59,7,-91,-29,-54,-115,46,114,-103,36,89,-43,65,90,-86,-86,-101,-69,78,-16,64
Nav,25,1537,1,8,2,2,5,37,-42,-61,62,73,-54,36,7,55,-11,-78,-128,110,-56,-48,0,0,0,0,10,-86,-86,-102,107,86,-64,64
Nav,32,1537,1,8,2,2,4,16,-103,68,68,73,-86,-4,-76,15,-39,-29,125,97,96,-48,0,0,0,0,10,-86,-86,-100,-119,-100,-32,64
Raw,1790862645998
Raw,1790862646998
Raw,1790862647998
Raw,1790862648998
Nav,16,1537,1,8,6,6,0,0,0,0,0,0,0,18,96,-122,-119,-30,76,36,100,-92,121,95,40,16,10,-86,-86,-103,96,-93,-30,-16
Raw,1790862649998
Raw,1790862650998
Nav,16,1537,1,8,7,7,42,-110,112,1,-128,125,87,-109,-74,-95,50,-1,23,101,113,95,98,16,-9,67,122,-86,-86,-111,-43,-115,32,64
Nav,3,1537,1,8,7,7,42,-110,112,1,-128,125,87,-109,-74,-95,50,-1,23,101,113,91,17,-112,-8,21,76,0,0,16,127,104,32,64
Nav,12,1537,1,8,7,7,42,-110,112,1,-128,125,87,-109,-74,-95,50,-1,23,101,113,87,-48,-80,-11,62,122,-86,-86,-98,-79,-1,-97,-48
Raw,1790862651998
Raw,1790862652998
Nav,12,1537,1,8,8,8,47,-3,127,-1,-125,-96,10,3,9,-118,126,-47,6,-32,-2,43,-37,23,-20,16,-54,-86,-86,-100,5,108,63,-48
Raw,1790862653998
Raw,1790862654998
Raw,1790862655998
Raw,1790862656998
Nav,12,1537,1,9,0,0,-107,85,85,85,85,85,85,85,85,85,85,86,25,-96,-115,18,121,69,-62,16,-6,-86,-86,-102,17,115,15,-48
Raw,1790862657998
Raw,1790862658998
Raw,1790862659998
Raw,1790862660998
Nav,16,1537,1,9,0,0,-107,85,85,85,85,85,85,85,85,85,85,86,25,-96,-115,83,-46,-111,12,-9,10,-86,-86,-105,-97,20,98,-16
Nav,3,1537,1,9,0,0,-107,85,85,85,85,85,85,85,85,85,85,86,25,-96,-115,87,-105,-80,60,-5,102,62,-57,-105,85,-2,-46,-16
Nav,12,1537,1,9,0,0,-107,85,85,85,85,85,85,85,85,85,85,86,25,-96,-115,86,122,112,-52,-15,-22,-86,-86,-98,-43,24,31,-48
Raw,1790862661998
Raw,1790862662998
Nav,16,1537,1,9,0,0,-107,85,85,85,85,85,85,85,85,85,85,86,25,-96,-115,112,-39,-87,-95,48,74,-86,-86,-98,2,-38,0,64
Nav,3,1537,1,9,0,0,-107,85,85,85,85,85,85,85,85,85,85,86,25,-96,-115,117,39,-124,106,125,23,-117,0,30,-92,-100,-48,64
Nav,12,1537,1,9,0,0,-107,85,85,85,85,85,85,85,85,85,85,86,25,-96,-115,116,-99,-109,120,-61,-70,-86,-86,-101,3,-17,47,-48
Raw,1790862663998
Raw,1790862664998
Nav,3,1537,1,9,1,1,5,-39,-76,48,-40,80,-18,0,72,-18,36,-86,4,-21,83,127,112,80,-1,79,-57,-128,0,85,-35,-81,-62,-80
Nav,12,1537,1,9,1,1,5,-39,-76,22,78,75,91,0,20,-82,-71,-86,4,-25,13,116,-47,-112,-1,79,-54,-86,-86,-100,61,-76,-97,-48
Raw,1790862665998
Raw,1790862666998
Nav,3,1537,1,9,3,3,5,-1,-15,30,-120,-97,63,11,4,68,5,82,62,-31,70,-80,61,51,104,28,10,-86,-86,-100,-110,-58,-78,-16
Nav,16,1537,1,9,3,3,5,-1,-15,-125,72,9,1,-80,-58,35,-62,-9,-126,44,38,-69,77,51,104,28,10,104,-118,85,96,49,-14,-16
Nav,32,1537,1,9,3,3,4,63,-16,-126,73,-56,-1,-124,68,78,-60,-14,-1,101,-58,-80,0,0,0,0,10,-86,-86,-105,110,51,-110,-16
Raw,1790862667998
Raw,1790862668998
Nav,3,1537,1,9,5,5,32,-65,-104,34,-96,0,64,24,11,12,-63,27,-86,-86,-86,-94,-9,-126,-103,-10,42,-86,-86,-109,-38,81,-32,64
Nav,16,1537,1,9,5,5,32,-65,-104,34,-96,126,31,-96,11,12,-63,27,-86,-86,-86,-96,-41,-126,-103,-10,34,107,-104,-46,-58,28,32,64
Nav,12,1537,1,9,5,5,32,-65,-104,34,-96,121,-66,88,11,12,-63,27,-86,-86,-86,-92,-105,-126,-103,-10,42,-86,-86,-106,-107,89,-1,-48
Nav,32,1537,1,9,5,5,32,-65,-104,34,-96,126,-97,-80,11,12,-63,27,-86,-86,-86,-96,0,0,0,0,10,-86,-86,-107,-25,106,48,64
Raw,1790862669998
Raw,1790862670998
Nav,3,1537,1,9,0,0,-107,85,85,85,85,85,85,85,85,85,85,86,25,-96,-115,-13,70,-14,-74,-41,-86,-86,-86,-107,-89,77,-126,-80
Raw,1790862671998
Raw,1790862672998
Nav,3,1537,1,9,16,16,17,30,-48,79,-42,62,65,-75,62,-65,-108,-77,-1,99,20,14,1,-18,-64,0,10,-86,-86,-109,-103,-17,-78,-16
Nav,12,1537,1,9,0,0,-107,85,85,85,85,85,85,85,85,85,85,86,25,-96,-114,20,-47,-18,-64,0,10,-86,-86,-101,22,1,111,-48
Raw,1790862673998
Raw,1790862674998
Nav,3,1537,1,9,2,2,5,-48,109,96,-123,9,-33,-78,60,-118,-26,-35,-25,33,98,-39,34,-15,9,55,106,-86,-86,-98,-27,94,-64,64
Nav,12,1537,1,9,2,2,5,-5,58,-52,-26,-54,32,38,-87,62,113,-6,117,111,-35,-39,32,-73,-119,-68,-70,-86,-86,-99,29,-56,111,-48
Raw,1790862675998
Raw,1790862676998
Nav,3,1537,1,9,4,4,5,-61,-1,-19,-1,-27,102,-45,-1,-91,108,-113,-1,-26,-48,27,84,32,41,31,-70,-86,-86,-111,-93,37,114,-80
Nav,12,1537,1,9,4,4,5,-52,-1,-21,0,5,102,-45,-1,92,1,23,-1,-81,-128,27,105,105,61,29,-6,-86,-86,-104,-93,9,15,-48
Raw,1790862677998
Raw,1790862678998
Nav,16,1537,1,10,6,6,0,0,0,0,0,0,0,18,96,-122,-119,-30,76,36,115,-93,98,20,72,-48,-86,-86,-86,-109,113,69,-30,-16
Raw,1790862679998
Raw,1790862680998
Raw,1790862681998
Raw,1790862682998
Nav,16,1537,1,10,10,10,41,118,-65,-29,-109,57,-7,-63,-1,80,-1,-94,-2,-27,-32,109,-102,-124,-82,66,26,-86,-86,-97,-11,90,50,-80
Raw,1790862683998
Raw,1790862684998
Raw,1790862685998
Raw,1790862686998
Raw,1790862687998
Raw,1790862688998
Nav,16,1537,1,10,16,16,-26,-46,-8,27,-75,59,-105,57,76,-110,36,15,-2,-17,56,14,-19,70,26,110,74,-86,-86,-112,116,62,-46,-80
Nav,3,1537,1,10,16,16,17,30,80,81,-42,62,65,-75,64,-65,-30,71,-1,99,8,3,-2,-113,-43,123,90,-86,-86,-103,126,27,-46,-80
Nav,12,1537,1,10,0,0,-107,85,85,85,85,85,85,85,85,85,85,86,25,-96,-113,23,22,35,97,-118,-22,-86,-86,-107,58,-120,-113,-48
Raw,1790862689998
Raw,1790862690998
Nav,3,1537,1,10,0,0,-107,85,85,85,85,85,85,85,85,85,85,86,25,-96,-113,54,113,98,0,-4,26,-86,-86,-109,-48,-110,98,-16
Nav,12,1537,1,10,0,0,-107,85,85,85,85,85,85,85,85,85,85,86,25,-96,-113,50,121,114,16,-8,-102,-86,-86,-101,111,103,111,-48
Raw,1790862691998
Raw,1790862692998
Nav,3,1537,1,10,0,0,-107,85,85,85,85,85,85,85,85,85,85,86,25,-96,-113,84,-105,81,72,-37,-118,-86,-86,-112,-114,121,112,64
Nav,16,1537,1,10,0,0,-107,85,85,85,85,85,85,85,85,85,85,86,25,-96,-113,82,41,48,-22,-58,10,-86,-86,-106,64,5,0,64
Nav,12,1537,1,10,0,0,-107,85,85,85,85,85,85,85,85,85,85,86,25,-96,-113,85,-22,84,-99,125,-54,-86,-86,-103,109,41,-113,-48
Nav,32,1537,1,10,0,0,-107,85,85,85,85,85,85,85,85,85,85,86,25,-96,-113,80,0,0,0,0,10,-86,-86,-100,-13,-69,-64,64
Raw,1790862693998
Raw,1790862694998
Nav,3,1537,1,10,1,1,5,-39,-76,48,-40,80,-18,0,72,-18,36,-86,4,-21,83,116,-47,-100,-7,-95,10,-86,-86,-103,-111,-24,34,-80
Nav,16,1537,1,10,1,1,5,-39,-76,-82,5,83,-10,0,46,-56,-112,-86,4,-18,-20,60,114,28,-7,-95,10,-86,-86,-100,-87,-62,-30,-80
Nav,12,1537,1,10,1,1,5,-39,-76,22,78,75,91,0,20,-82,-71,-86,4,-25,13,122,112,-68,-7,-95,10,-86,-86,-100,-122,43,-113,-48
Raw,1790862695998
Raw,1790862696998
Nav,3,1537,1,10,3,3,5,-1,-15,30,-120,-97,63,11,4,68,5,82,62,-31,70,-77,116,89,-55,41,58,-86,-86,-105,74,-95,-78,-16
Nav,16,1537,1,10,3,3,5,-1,-15,-125,72,9,1,-80,-58,35,-62,-9,-126,44,38,-79,-124,89,-55,41,58,-86,-86,-99,-33,20,2,-16
Nav,12,1537,1,10,3,3,5,-1,-16,7,-57,-87,63,90,127,-6,75,69,-1,96,-74,-77,-12,89,-55,41,58,-86,-86,-107,-92,-79,-33,-48
Raw,1790862697998
Raw,1790862698998
Nav,3,1537,1,10,5,5,32,-65,-104,34,-96,0,64,24,11,12,-63,31,106,-86,-86,-92,-108,17,30,73,-22,-86,-86,-105,88,116,-48,64
Nav,16,1537,1,10,5,5,32,-65,-104,34,-96,126,31,-96,11,12,-63,31,106,-86,-86,-91,-28,17,30,73,-22,-86,-86,-102,-128,-48,-80,64
Nav,12,1537,1,10,5,5,32,-65,-104,34,-96,121,-66,88,11,12,-63,31,106,-86,-86,-92,36,17,30,73,-22,-86,-86,-99,-125,-9,-97,-48
Raw,1790862699998
Raw,1790862700998
Nav,3,1537,1,10,0,0,-107,85,85,85,85,85,85,85,85,85,85,86,25,-96,-113,-43,17,-16,-20,-91,-22,-86,-86,-103,-111,101,-14,-80
Nav,16,1537,1,10,0,0,-107,85,85,85,85,85,85,85,85,85,85,86,25,-96,-113,-34,-79,-16,-20,-91,-22,-86,-86,-112,-31,-33,18,-80
Nav,12,1537,1,10,0,0,-107,85,85,85,85,85,85,85,85,85,85,86,25,-96,-113,-34,-63,-16,-20,-91,-22,-86,-86,-108,-1,-85,31,-48
Raw,1790862701998
Raw,1790862702998
Nav,3,1537,1,11,16,16,17,30,80,81,-42,62,65,-75,64,-65,-30,71,-1,99,8,4,-39,37,-64,0,10,-86,-86,-104,88,69,-110,-16
Nav,16,1537,1,11,16,16,-26,-46,-8,27,-75,59,-105,57,76,-110,36,15,-2,-17,56,3,73,37,-64,0,10,-86,-86,-108,123,-61,2,-16
Raw,1790862703998
Raw,1790862704998
Raw,1790862705998
Raw,1790862706998
Raw,1790862707998
Raw,1790862708998
Nav,16,1537,1,11,6,6,0,0,0,0,0,0,0,18,96,-122,-119,-30,76,36,-126,-88,121,66,120,-109,58,-86,-86,-104,-16,95,-110,-16
Raw,1790862709998
Raw,1790862710998
Raw,1790862711998
Raw,1790862712998
Nav,16,1537,1,11,8,8,47,-6,63,-1,-124,0,11,2,39,-16,-67,-75,9,-91,-2,46,22,-98,-105,1,10,-86,-86,-104,-120,-16,18,-80
Raw,1790862713998
Raw,1790862714998
Nav,3,1537,1,11,17,17,-72,-5,-92,-79,-4,22,-63,-91,-109,-56,7,-106,-103,-87,19,80,0,0,0,0,10,-86,-86,-98,-44,86,98,-16
Nav,16,1537,1,11,17,17,37,-38,26,-7,-124,120,-62,-92,-86,17,-7,-26,13,47,70,109,52,-11,-9,-16,-6,-86,-86,-101,-26,114,2,-16
Raw,1790862715998
Raw,1790862716998
Nav,3,1537,1,11,19,19,109,-29,47,-85,69,-62,-105,-52,-9,118,104,-74,111,-29,76,96,0,0,0,0,10,-86,-86,-104,25,-104,-128,64
Nav,16,1537,1,11,19,19,104,-6,-101,-82,34,-29,45,3,60,-39,-91,112,13,-27,-54,57,-31,-48,49,-112,-6,-86,-86,-102,85,-105,-96,64
Nav,12,1537,1,11,0,0,-107,85,85,85,85,85,85,85,85,85,85,86,25,-96,-112,-37,95,92,-126,16,-6,-86,-86,-100,19,29,79,-48
Raw,1790862717998
Raw,1790862718998
Nav,3,1537,1,11,16,16,17,30,16,83,-42,62,65,-75,62,-64,47,-33,-1,99,0,0,0,0,0,0,10,-86,-86,-103,-2,100,98,-80
Nav,16,1537,1,11,16,16,-26,-46,-8,31,-75,59,-105,57,74,-110,113,-89,-2,-17,44,13,-113,19,-70,-48,-38,-86,-86,-100,87,115,34,-80
Nav,12,1537,1,11,0,0,-107,85,85,85,85,85,85,85,85,85,85,86,25,-96,-112,-14,73,38,-6,19,122,-86,-86,-108,-123,118,-33,-48
Raw,1790862719998
Raw,1790862720998
Nav,3,1537,1,11,0,0,-107,85,85,85,85,85,85,85,85,85,85,86,25,-96,-111,16,0,0,0,0,10,-86,-86,-109,65,-44,18,-16
Nav,12,1537,1,11,0,0,-107,85,85,85,85,85,85,85,85,85,85,86,25,-96,-111,27,109,96,-52,33,10,-86,-86,-108,20,-47,111,-48
Raw,1790862721998
Raw,1790862722998
Nav,16,1537,1,11,0,0,-107,85,85,85,85,85,85,85,85,85,85,86,25,-96,-111,57,-110,101,102,-2,90,-86,-86,-97,19,111,32,64
Raw,1790862723998
Raw,1790862724997
Nav,16,1537,1,11,1,1,5,-39,-76,-82,5,83,-10,0,46,-56,-112,-86,4,-18,-20,60,32,48,37,-117,-22,-86,-86,-100,96,-99,-94,-80
Nav,3,1537,1,11,1,1,5,-39,-76,48,-40,80,-18,0,72,-18,36,-86,4,-21,83,112,0,0,0,0,10,-86,-86,-101,100,-47,98,-80
Raw,1790862725997
Raw,1790862726997
Nav,16,1537,1,12,3,3,5,-1,-15,-125,72,9,1,-80,-58,35,-62,-9,-126,44,38,-71,82,-56,41,-3,-70,-127,13,31,-56,-49,98,-16
Nav,3,1537,1,12,3,3,5,-1,-15,30,-120,-97,63,11,4,68,5,82,62,-31,70,-80,0,0,0,0,10,-127,13,17,62,0,-126,-16
Raw,1790862727997
Raw,1790862728997
Nav,16,1537,1,12,5,5,32,-65,-104,34,-96,126,31,-96,11,12,-63,35,42,-86,-86,-93,-9,125,-2,63,-125,58,-40,-38,113,112,-32,64
Nav,3,1537,1,12,5,5,32,-65,-104,34,-96,0,64,24,11,12,-63,35,42,-86,-86,-96,0,0,0,0,3,58,-40,-34,53,-107,-96,64
Raw,1790862729997
Raw,1790862730997
Nav,16,1537,1,12,0,0,-107,85,85,85,85,85,85,85,85,85,85,86,25,-96,-111,-67,-95,-72,-114,-16,48,60,100,21,-83,44,66,-80
Raw,1790862731997
Raw,1790862732997
Nav,16,1537,1,12,16,16,-26,-46,-8,31,-75,59,-105,57,74,-110,113,-89,-2,-17,44,1,19,-7,-96,0,3,-43,64,-109,74,103,66,-16
Nav,3,1537,1,12,16,16,17,30,16,83,-42,62,65,-75,62,-64,47,-33,-1,99,0,0,0,0,0,0,3,-43,64,-111,127,-86,-62,-16
Raw,1790862733997
Raw,1790862734997
Nav,3,1537,1,12,2,2,5,-48,109,96,-123,9,-33,-78,60,-118,-26,-35,-25,33,98,-48,0,0,0,0,10,-86,-86,-100,-62,116,80,64
Raw,1790862735997
Raw,1790862736997
Nav,3,1537,1,12,4,4,5,-61,-1,-19,-1,-27,102,-45,-1,-91,108,-113,-1,-26,-48,16,0,0,0,0,10,-86,-86,-111,83,-18,-14,-80
Nav,12,1537,1,12,4,4,5,-52,-1,-21,0,5,102,-45,-1,92,1,23,-1,-81,-128,27,3,93,87,57,-6,-86,-86,-111,32,117,-17,-48
Raw,1790862737997
Raw,1790862738997
Nav,3,1537,1,12,6,6,0,0,0,0,0,0,0,18,96,-122,-119,-30,76,36,-111,-96,0,0,0,0,10,-86,-86,-101,-70,-73,-14,-16
Nav,16,1537,1,12,6,6,0,0,0,0,0,0,0,18,96,-122,-119,-30,76,36,-111,-81,113,66,-91,-43,74,-86,-86,-102,-113,22,-14,-16
Nav,12,1537,1,12,6,6,0,0,0,0,0,0,0,18,96,-122,-119,-30,76,36,-111,-94,33,-72,-123,-53,-22,-86,-86,-98,126,65,79,-48
Raw,1790862739997
Raw,1790862740997
Nav,3,1537,1,12,9,9,42,-110,11,-51,-1,-10,-1,-8,66,0,-128,47,75,-82,6,112,0,0,0,0,10,-86,-86,-104,-4,-34,-64,64
Nav,16,1537,1,12,9,9,42,-110,11,-51,-1,-10,-1,-8,66,0,-128,47,75,-82,6,123,18,0,-2,124,-22,-86,-86,-103,83,-121,32,64
Nav,12,1537,1,12,9,9,42,-110,11,-51,-1,-10,-1,-8,66,0,-128,47,75,-82,6,117,0,80,-15,49,122,-86,-86,-103,51,-76,-97,-48
Raw,1790862741997
Raw,1790862742997
Nav,3,1537,1,12,10,10,46,-49,47,-31,22,-71,-1,-37,-1,-16,-1,-94,-2,-27,-32,96,0,0,0,0,10,-86,-86,-99,26,-3,98,-80
Nav,16,1537,1,12,10,10,46,-49,47,-31,22,-71,-1,-37,-1,-16,-1,-94,-2,-27,-32,102,-100,-80,-119,114,26,-86,-86,-102,-114,-111,-46,-80
Nav,12,1537,1,12,10,10,46,-49,47,-31,22,-71,-1,-37,-1,-16,-1,-94,-2,-27,-32,100,-99,-25,-113,96,-70,-86,-86,-111,-3,120,127,-48
Nav,25,1537,1,12,10,10,-2,-49,47,-31,4,-127,-1,-37,-1,-16,-1,-94,-2,-27,-32,96,0,0,0,0,10,-86,-86,-97,101,-75,82,-80
Raw,1790862743997
Raw,1790862744997
Nav,3,1537,1,12,18,18,33,-40,-20,110,-115,20,-38,37,-28,-95,106,4,-82,46,32,-32,0,0,0,0,10,-86,-86,-112,56,71,-94,-16
Nav,16,1537,1,12,18,18,19,-25,-35,-65,109,-82,-3,-83,-57,-30,-44,-79,64,40,51,-109,0,-15,50,110,58,-86,-86,-97,83,-70,98,-16
Nav,12,1537,1,12,0,0,-107,85,85,85,85,85,85,85,85,85,85,86,25,-96,-110,-110,32,-6,-124,10,-38,-86,-86,-103,-27,21,127,-48
Nav,25,1537,1,12,18,18,-118,47,15,65,-111,-28,30,7,9,33,3,61,-92,44,-102,-112,0,0,0,0,10,-86,-86,-110,83,-89,34,-16
Raw,1790862745997
Raw,1790862746997
Nav,3,1537,1,12,20,20,-107,-58,42,52,94,-89,41,13,-128,27,-48,-121,64,32,107,96,0,0,0,0,10,-86,-86,-104,117,46,16,64
Nav,16,1537,1,12,20,20,-85,-46,79,65,-53,-43,-7,-39,42,-104,-74,95,118,-17,57,-123,101,114,-127,12,58,-86,-86,-108,-97,-89,-32,64
Nav,12,1537,1,12,0,0,-107,85,85,85,85,85,85,85,85,85,85,86,25,-96,-110,-80,90,-101,-128,-52,58,-86,-86,-102,-19,19,95,-48
Nav,25,1537,1,12,20,20,115,15,-35,-52,85,-86,-104,52,-81,-87,123,13,-24,-83,-8,80,0,0,0,0,10,-86,-86,-110,27,-91,-32,64
Raw,1790862747997
Raw,1790862748997
Nav,3,1537,1,12,16,16,17,29,-48,85,-42,63,65,-75,60,-64,125,119,-1,98,-8,0,0,0,0,0,10,-86,-86,-99,-65,4,34,-80
Nav,25,1537,1,12,16,16,-24,-108,-7,113,-85,15,-105,91,8,87,60,-20,0,102,-52,0,0,0,0,0,10,-86,-86,-105,88,-74,66,-80
Raw,1790862749997
Raw,1790862750997
Nav,3,1537,1,13,0,0,-107,85,85,85,85,85,85,85,85,85,85,86,25,-96,-110,-16,0,0,0,0,10,-86,-86,-105,-126,-51,-94,-16
Nav,12,1537,1,13,0,0,-107,85,85,85,85,85,85,85,85,85,85,86,25,-96,-110,-10,-40,2,16,-9,10,-86,-86,-111,-97,-108,-113,-48
Nav,25,1537,1,13,0,0,-107,85,85,85,85,85,85,85,85,85,85,86,25,-96,-110,-16,0,0,0,0,10,-86,-86,-105,-126,-51,-94,-16
Raw,1790862751997
Raw,1790862752997
Nav,3,1537,1,13,0,0,-107,85,85,85,85,85,85,85,85,85,85,86,25,-96,-109,16,0,0,0,0,10,-86,-86,-106,6,-58,96,64
Nav,12,1537,1,13,0,0,-107,85,85,85,85,85,85,85,85,85,85,86,25,-96,-109,28,90,19,32,-67,122,-86,-86,-110,109,-20,-97,-48
Nav,25,1537,1,13,0,0,-107,85,85,85,85,85,85,85,85,85,85,86,25,-96,-109,16,0,0,0,0,10,-86,-86,-106,6,-58,96,64
Raw,1790862753997
Raw,1790862754997
Nav,3,1537,1,13,1,1,5,-39,-76,48,-40,80,-18,0,72,-18,36,-86,4,-21,83,112,0,0,0,0,10,-86,-86,-101,100,-47,98,-80
Nav,25,1537,1,13,1,1,5,25,-106,62,-28,-48,39,0,30,-4,-109,-86,4,-20,50,48,0,0,0,0,10,-86,-86,-108,-118,90,-78,-80
Raw,1790862755997
Raw,1790862756997
Nav,3,1537,1,13,3,3,5,-1,-15,30,-120,-97,63,11,4,68,5,82,62,-31,70,-80,0,0,0,0,10,-86,-86,-112,113,77,34,-16
Nav,12,1537,1,13,3,3,5,-1,-16,7,-57,-87,63,90,127,-6,75,69,-1,96,-74,-66,56,106,-80,-68,58,-86,-86,-101,56,-14,79,-48
Nav,25,1537,1,13,3,3,5,63,-15,-101,-57,-22,-63,-95,69,-14,-125,10,-62,32,22,-80,0,0,0,0,10,-86,-86,-106,-112,98,82,-16
Raw,1790862757997
Raw,1790862758997
Nav,3,1537,1,13,5,5,32,-65,-104,34,-96,0,64,24,11,12,-63,38,-22,-86,-86,-96,0,0,0,0,10,-86,-86,-106,-31,99,-112,64
Nav,12,1537,1,13,5,5,32,-65,-104,34,-96,121,-66,88,11,12,-63,38,-22,-86,-86,-93,104,-89,85,-102,-22,-86,-86,-112,116,32,-17,-48
Nav,25,1537,1,13,5,5,32,-65,-104,34,-96,0,-32,48,11,12,-63,38,-22,-86,-86,-96,0,0,0,0,10,-86,-86,-103,42,81,80,64
Raw,1790862759997
Raw,1790862760997
Nav,3,1537,1,13,0,0,-107,85,85,85,85,85,85,85,85,85,85,86,25,-96,-109,-112,0,0,0,0,10,-86,-86,-111,78,49,18,-80
Nav,12,1537,1,13,0,0,-107,85,85,85,85,85,85,85,85,85,85,86,25,-96,-109,-106,-122,76,-66,-54,106,-86,-86,-105,-74,66,127,-48
Nav,25,1537,1,13,0,0,-107,85,85,85,85,85,85,85,85,85,85,86,25,-96,-109,-112,0,0,0,0,10,-86,-86,-111,78,49,18,-80
Raw,1790862761997
Raw,1790862762997
Nav,3,1537,1,13,16,16,17,29,-48,85,-42,63,65,-75,60,-64,125,119,-1,98,-8,0,0,0,0,0,10,-86,-86,-99,-65,4,34,-16
Nav,12,1537,1,13,0,0,-107,85,85,85,85,85,85,85,85,85,85,86,25,-96,-109,-65,35,102,48,0,10,-86,-86,-102,112,37,31,-48
Raw,1790862763997
Raw,1790862764997
Nav,3,1537,1,13,2,2,5,-48,109,96,-123,9,-33,-78,60,-118,-26,-35,-25,33,98,-48,0,0,0,0,10,-86,-86,-100,-62,116,80,64
Nav,12,1537,1,13,2,2,5,-5,58,-52,-26,-54,32,38,-87,62,113,-6,117,111,-35,-39,37,-39,61,58,-22,-86,-86,-106,83,-66,95,-48
Raw,1790862765997
Raw,1790862766997
Nav,3,1537,1,13,4,4,5,-61,-1,-19,-1,-27,102,-45,-1,-91,108,-113,-1,-26,-48,16,0,0,0,0,10,-86,-86,-111,83,-18,-14,-80
Raw,1790862767997
Raw,1790862768997
Nav,3,1537,1,13,6,6,0,0,0,0,0,0,0,18,96,-122,-119,-30,76,36,-96,-96,0,0,0,0,10,-86,-86,-110,-107,28,-30,-16
Nav,12,1537,1,13,6,6,0,0,0,0,0,0,0,18,96,-122,-119,-30,76,36,-96,-92,124,-122,119,-120,122,-86,-86,-108,-109,122,-113,-48
Raw,1790862769997
Raw,1790862770997
Nav,3,1537,1,13,7,7,42,-110,-120,1,32,86,64,-84,51,118,111,127,2,35,-119,80,0,0,0,0,10,-86,-86,-101,-105,-121,-80,64
Nav,12,1537,1,13,7,7,42,-110,-120,1,32,86,64,-84,51,118,111,127,2,35,-119,95,96,-80,-9,22,-70,-86,-86,-99,24,22,-65,-48
Raw,1790862771997
Raw,1790862772997
Nav,3,1537,1,13,8,8,47,-10,-49,-1,-128,10,-86,-86,-86,-86,-86,-86,-86,-86,-86,-96,0,0,0,0,10,-86,-86,-106,87,102,-110,-80
Raw,1790862773997
Raw,1790862774997
Nav,3,1537,1,14,17,17,-72,-5,-92,-79,-4,22,-63,-91,-109,-56,7,-106,-103,-87,19,80,0,0,0,0,10,-86,-86,-98,-44,86,98,-16
Nav,25,1537,1,14,17,17,109,36,51,67,61,-6,7,-75,16,41,-119,-123,-65,111,2,48,0,0,0,0,10,-86,-86,-102,105,86,18,-16
Raw,1790862775997
Raw,1790862776997
Nav,3,1537,1,14,19,19,109,-29,47,-85,69,-62,-105,-52,-9,118,104,-74,111,-29,76,96,0,0,0,0,10,-86,-86,-104,25,-104,-128,64
Raw,1790862777997
Raw,1790862778997
Nav,3,1537,1,14,16,16,17,29,80,87,-42,62,65,-75,62,-64,-53,11,-1,98,-24,0,0,0,0,0,10,-86,-86,-101,-39,-111,-110,-80
Nav,12,1537,1,14,0,0,-107,85,85,85,85,85,85,85,85,85,85,86,25,-96,-108,-65,-33,-108,-81,-59,-86,-86,-86,-102,-57,-42,31,-48
Nav,25,1537,1,14,16,16,-24,-108,-71,111,-85,15,-105,91,8,87,-118,-124,0,102,-44,0,0,0,0,0,10,-86,-86,-110,-35,-34,50,-80
Raw,1790862779997
Raw,1790862780997
Nav,3,1537,1,14,0,0,-107,85,85,85,85,85,85,85,85,85,85,86,25,-96,-108,-48,0,0,0,0,10,-86,-86,-97,-128,-11,2,-16
Nav,12,1537,1,14,0,0,-107,85,85,85,85,85,85,85,85,85,85,86,25,-96,-108,-45,-40,64,-52,76,-54,-86,-86,-108,89,-54,-81,-48
Nav,25,1537,1,14,0,0,-107,85,85,85,85,85,85,85,85,85,85,86,25,-96,-108,-48,0,0,0,0,10,-86,-86,-97,-128,-11,2,-16
Raw,1790862781997
Raw,1790862782997
Nav,3,1537,1,14,0,0,-107,85,85,85,85,85,85,85,85,85,85,86,25,-96,-108,-16,0,0,0,0,10,-86,-86,-104,75,-5,48,64
Nav,12,1537,1,14,0,0,-107,85,85,85,85,85,85,85,85,85,85,86,25,-96,-108,-16,-45,119,105,-76,58,-86,-86,-99,-8,96,-33,-48
Nav,25,1537,1,14,0,0,-107,85,85,85,85,85,85,85,85,85,85,86,25,-96,-108,-16,0,0,0,0,10,-86,-86,-104,75,-5,48,64
Nav,16,1537,1,14,0,0,-107,85,85,85,85,85,85,85,85,85,85,86,25,-96,-108,-12,-102,122,102,-41,122,-86,-86,-105,-53,8,96,64
Raw,1790862783997
Raw,1790862784997
Nav,3,1537,1,14,1,1,5,-39,-76,48,-40,80,-18,0,72,-18,36,-86,4,-21,83,112,0,0,0,0,10,-86,-86,-101,100,-47,98,-80
Nav,12,1537,1,14,1,1,5,-39,-76,22,78,75,91,0,20,-82,-71,-86,4,-25,13,115,33,-112,-3,35,-102,-86,-86,-104,87,89,-65,-48
Nav,25,1537,1,14,1,1,5,25,-106,62,-28,-48,39,0,30,-4,-109,-86,4,-20,50,48,0,0,0,0,10,-86,-86,-108,-118,90,-78,-80
Raw,1790862785997
Raw,1790862786997
Nav,3,1537,1,14,3,3,5,-1,-15,30,-120,-97,63,11,4,68,5,82,62,-31,70,-80,0,0,0,0,10,-86,-86,-112,113,77,34,-16
Nav,25,1537,1,14,3,3,5,63,-15,-101,-57,-22,-63,-95,69,-14,-125,10,-62,32,22,-80,0,0,0,0,10,-86,-86,-106,-112,98,82,-16
Raw,1790862787997
Raw,1790862788997
Raw,1790862789997
Raw,1790862790997
Nav,3,1537,1,14,0,0,-107,85,85,85,85,85,85,85,85,85,85,86,25,-96,-107,112,0,0,0,0,10,-86,-86,-111,-110,-30,-94,-80
Raw,1790862791997
Raw,1790862792997
Nav,3,1537,1,14,16,16,17,29,80,87,-42,62,65,-75,62,-64,-53,11,-1,98,-24,0,0,0,0,0,10,-86,-86,-101,-39,-111,-110,-16
Nav,25,1537,1,14,16,16,-24,-108,-71,111,-85,15,-105,91,8,87,-118,-124,0,102,-44,0,0,0,0,0,10,-86,-86,-110,-35,-34,50,-16
Nav,12,1537,1,14,0,0,-107,85,85,85,85,85,85,85,85,85,85,86,25,-96,-107,-110,63,65,-64,0,10,-86,-86,-105,108,30,31,-48
Raw,1790862793997
Raw,1790862794997
Nav,3,1537,1,14,2,2,5,-48,109,96,-123,9,-33,-78,60,-118,-26,-35,-25,33,98,-48,0,0,0,0,10,-86,-86,-100,-62,116,80,64
Nav,12,1537,1,14,2,2,5,-5,58,-52,-26,-54,32,38,-87,62,113,-6,117,111,-35,-39,38,-67,8,26,-86,-86,-86,-103,-127,8,-49,-48
Raw,1790862795997
Raw,1790862796997
Nav,3,1537,1,14,4,4,5,-61,-1,-19,-1,-27,102,-45,-1,-91,108,-113,-1,-26,-48,16,0,0,0,0,10,-86,-86,-111,83,-18,-14,-80
Raw,1790862797997
Raw,1790862798997
Nav,3,1537,1,15,6,6,0,0,0,0,0,0,0,18,96,-122,-119,-30,76,36,-81,-96,0,0,0,0,10,-86,-86,-98,-75,66,-30,-16
Nav,16,1537,1,15,6,6,0,0,0,0,0,0,0,18,96,-122,-119,-30,76,36,-81,-94,-55,-45,31,-3,-70,-86,-86,-100,-72,-87,-94,-16
Nav,25,1537,1,15,6,6,0,0,0,0,0,0,0,18,96,-122,-119,-30,76,36,-81,-96,0,0,0,0,10,-86,-86,-98,-75,66,-30,-16
Nav,12,1537,1,15,6,6,0,0,0,0,0,0,0,18,96,-122,-119,-30,76,36,-81,-93,106,70,-39,29,90,-86,-86,-101,63,47,-17,-48
Raw,1790862799997
Raw,1790862800997
Nav,3,1537,1,15,9,9,42,-110,85,85,85,85,85,87,-56,0,96,29,-118,34,-122,112,0,0,0,0,10,-86,-86,-110,104,-51,-96,64
Nav,25,1537,1,15,9,9,-6,-113,85,85,85,85,85,87,-56,0,112,29,-118,44,6,112,0,0,0,0,10,-86,-86,-102,4,57,-112,64
Raw,1790862801997
Raw,1790862802997
Nav,3,1537,1,15,10,10,46,-49,47,-32,23,-69,-3,109,-1,-16,-1,-94,-2,-27,-32,96,0,0,0,0,10,-86,-86,-97,35,3,18,-80
Nav,16,1537,1,15,10,10,46,-49,47,-32,23,-69,-3,109,-1,-16,-1,-94,-2,-27,-32,98,-32,106,3,66,26,-86,-86,-111,75,-101,34,-80
Nav,12,1537,1,15,10,10,46,-49,47,-32,23,-69,-3,109,-1,-16,-1,-94,-2,-27,-32,109,-110,58,-27,80,-70,-86,-86,-101,-81,-32,111,-48
Nav,25,1537,1,15,10,10,-2,-49,47,-32,5,101,-3,109,-1,-16,-1,-94,-2,-27,-32,96,0,0,0,0,10,-86,-86,-100,34,82,2,-80
Raw,1790862803997
Raw,1790862804997
Nav,3,1537,1,15,18,18,33,-40,-20,110,-115,20,-38,37,-28,-95,106,4,-82,46,32,-32,0,0,0,0,10,-86,-86,-112,56,71,-94,-16
Nav,16,1537,1,15,18,18,19,-25,-35,-65,109,-82,-3,-83,-57,-30,-44,-79,64,40,51,-110,-48,-16,71,77,-6,-86,-86,-104,-127,27,34,-16
Nav,12,1537,1,15,0,0,-107,85,85,85,85,85,85,85,85,85,85,86,25,-96,-106,86,16,-14,-50,-46,106,-86,-86,-109,5,-94,-65,-48
Raw,1790862805997
Raw,1790862806997
Nav,3,1537,1,15,20,20,-107,-58,42,52,94,-89,41,13,-128,27,-48,-121,64,32,107,96,0,0,0,0,10,-86,-86,-104,117,46,16,64
Nav,16,1537,1,15,20,20,-85,-46,79,65,-53,-43,-7,-39,42,-104,-74,95,118,-17,57,-121,40,63,113,12,90,-86,-86,-104,124,67,-32,64
Nav,12,1537,1,15,0,0,-107,85,85,85,85,85,85,85,85,85,85,86,25,-96,-106,115,29,-21,16,-52,90,-86,-86,-97,72,79,15,-48
Nav,25,1537,1,15,20,20,115,15,-35,-52,85,-86,-104,52,-81,-87,123,13,-24,-83,-8,80,0,0,0,0,10,-86,-86,-110,27,-91,-32,64
Raw,1790862807997
Raw,1790862808997
Nav,3,1537,1,15,16,16,17,29,16,89,-42,63,65,-75,60,-63,24,-93,-1,98,-32,0,0,0,0,0,10,-86,-86,-100,119,69,82,-80
Nav,16,1537,1,15,16,16,-26,-45,56,39,-75,60,-105,57,70,-109,90,107,-2,-17,24,7,29,44,-44,-123,-118,-86,-86,-99,84,55,-46,-80
Nav,12,1537,1,15,0,0,-107,85,85,85,85,85,85,85,85,85,85,86,25,-96,-106,-98,-27,-41,-8,113,-38,-86,-86,-99,-5,-120,-113,-48
Nav,25,1537,1,15,16,16,-32,-108,-71,105,-85,15,-105,91,8,87,-40,20,0,102,4,0,0,0,0,0,10,-86,-86,-109,-93,-102,82,-80
Raw,1790862809997
Raw,1790862810997
Nav,3,1537,1,15,0,0,-107,85,85,85,85,85,85,85,85,85,85,86,25,-96,-106,-80,0,0,0,0,10,-86,-86,-110,-102,-11,34,-16
Nav,16,1537,1,15,0,0,-107,85,85,85,85,85,85,85,85,85,85,86,25,-96,-106,-78,118,49,-112,-11,-86,-86,-86,-105,-37,78,-14,-16
Nav,12,1537,1,15,0,0,-107,85,85,85,85,85,85,85,85,85,85,86,25,-96,-106,-74,1,2,16,-9,26,-86,-86,-106,-116,-8,79,-48
Nav,25,1537,1,15,0,0,-107,85,85,85,85,85,85,85,85,85,85,86,25,-96,-106,-80,0,0,0,0,10,-86,-86,-110,-102,-11,34,-16
Raw,1790862811997
Raw,1790862812997
Nav,3,1537,1,15,0,0,-107,85,85,85,85,85,85,85,85,85,85,86,25,-96,-106,-48,0,0,0,0,10,-86,-86,-102,-57,-25,112,64
Nav,16,1537,1,15,0,0,-107,85,85,85,85,85,85,85,85,85,85,86,25,-96,-106,-43,-21,-65,-42,-12,-6,-86,-86,-100,-71,26,32,64
Nav,25,1537,1,15,0,0,-107,85,85,85,85,85,85,85,85,85,85,86,25,-96,-106,-48,0,0,0,0,10,-86,-86,-102,-57,-25,112,64
Raw,1790862813997
Raw,1790862814997
Nav,3,1537,1,15,1,1,5,-39,-76,48,-40,80,-18,0,72,-18,36,-86,4,-21,83,112,0,0,0,0,10,-86,-86,-101,100,-47,98,-80
Raw,1790862815997
Raw,1790862816997
Raw,1790862817997
Raw,1790862818997
Nav,3,1537,1,15,5,5,32,-65,-104,34,-96,0,64,24,11,12,-63,46,106,-86,-86,-96,0,0,0,0,10,-86,-86,-102,9,-17,16,64
Raw,1790862819997
Raw,1790862820997
Raw,1790862821997
Raw,1790862822997
Nav,16,1537,1,16,16,16,-26,-45,56,39,-75,60,-105,57,70,-109,90,107,-2,-17,24,1,-22,-10,112,0,10,-86,-86,-107,-69,-68,50,-16
Raw,1790862823997
Raw,1790862824997
Nav,3,1537,1,16,2,2,5,-48,109,96,-123,9,-33,-78,60,-118,-26,-35,-25,33,98,-48,0,0,0,0,10,-86,-86,-100,-62,116,80,64
Nav,16,1537,1,16,2,2,5,-27,-50,96,-80,73,-49,59,7,-91,-29,-54,-115,46,114,-103,38,-67,-75,120,74,-86,-86,-97,119,72,-80,64
Raw,1790862825997
Raw,1790862826997
Nav,3,1537,1,16,4,4,5,-61,-1,-19,-1,-27,102,-45,-1,-91,108,-113,-1,-26,-48,16,0,0,0,0,10,-86,-86,-111,83,-18,-14,-80
Nav,16,1537,1,16,4,4,5,-48,0,0,-1,-52,102,-45,-1,125,-92,-65,-1,-27,0,27,116,4,-22,101,26,-86,-86,-111,83,12,-94,-80
Nav,25,1537,1,16,4,4,5,25,-1,-84,0,31,102,88,0,44,-36,-57,-1,-17,-80,16,0,0,0,0,10,-86,-86,-100,85,90,-110,-80
Raw,1790862827997
Raw,1790862828997
Nav,3,1537,1,16,6,6,0,0,0,0,0,0,0,18,96,-122,-119,-30,76,36,-66,-96,0,0,0,0,10,-86,-86,-110,-79,111,82,-16
Nav,25,1537,1,16,6,6,0,0,0,0,0,0,0,18,96,-122,-119,-30,76,36,-66,-96,0,0,0,0,10,-86,-86,-110,-79,111,82,-16
Raw,1790862829997
Raw,1790862830997
Nav,3,1537,1,16,7,7,42,-110,1,85,85,85,85,85,85,85,85,85,85,101,85,80,0,0,0,0,10,-86,-86,-111,-84,111,16,64
Raw,1790862831997
Raw,1790862832997
Nav,3,1537,1,16,8,8,37,85,85,85,80,64,20,3,1,97,-34,-74,93,-19,-2,32,0,0,0,0,10,-86,-86,-103,-17,94,34,-80
Nav,16,1537,1,16,8,8,37,85,85,85,80,64,20,3,1,97,-34,-74,93,-19,-2,43,-9,51,-125,-95,10,-86,-86,-112,-117,-70,-62,-80
Raw,1790862833997
Raw,1790862834997
Nav,3,1537,1,16,17,17,-72,-5,-92,-79,-4,22,-63,-91,-109,-56,7,-106,-103,-87,19,80,0,0,0,0,10,-86,-86,-98,-44,86,98,-16
Nav,25,1537,1,16,17,17,109,36,51,67,61,-6,7,-75,16,41,-119,-123,-65,111,2,48,0,0,0,0,10,-86,-86,-102,105,86,18,-16
Raw,1790862835997
Raw,1790862836997
Nav,25,1537,1,16,19,19,17,10,-14,10,16,-87,10,-93,3,-53,79,-122,16,102,-41,-16,0,0,0,0,10,-86,-86,-108,48,98,64,64
Nav,3,1537,1,16,19,19,109,-29,47,-85,69,-62,-105,-52,-9,118,104,-74,111,-29,76,96,0,0,0,0,10,-86,-86,-104,25,-104,-128,64
Raw,1790862837997
Raw,1790862838997
Nav,3,1537,1,16,16,16,17,28,-112,89,-42,63,65,-75,60,-63,102,59,-1,98,-40,0,0,0,0,0,10,-86,-86,-109,58,32,-62,-80
Nav,25,1537,1,16,16,16,-24,-108,-7,105,-85,15,-105,91,8,88,37,-84,0,102,-32,0,0,0,0,0,10,-86,-86,-106,-42,63,-94,-80
Raw,1790862839997
Raw,1790862840997
Nav,3,1537,1,16,0,0,-107,85,85,85,85,85,85,85,85,85,85,86,25,-96,-104,-112,0,0,0,0,10,-86,-86,-105,-32,75,-14,-16
Nav,25,1537,1,16,0,0,-107,85,85,85,85,85,85,85,85,85,85,86,25,-96,-104,-112,0,0,0,0,10,-86,-86,-105,-32,75,-14,-16
Raw,1790862841997
Raw,1790862842997
Nav,3,1537,1,16,0,0,-107,85,85,85,85,85,85,85,85,85,85,86,25,-96,-104,-80,0,0,0,0,10,-86,-86,-112,43,69,-64,64
Nav,25,1537,1,16,0,0,-107,85,85,85,85,85,85,85,85,85,85,86,25,-96,-104,-80,0,0,0,0,10,-86,-86,-112,43,69,-64,64
Raw,1790862843997
Raw,1790862844997
Nav,3,1537,1,16,1,1,5,-39,-76,48,-40,80,-18,0,72,-18,36,-86,4,-21,83,112,0,0,0,0,10,-86,-86,-101,100,-47,98,-80
Nav,25,1537,1,16,1,1,5,25,-106,62,-28,-48,39,0,30,-4,-109,-86,4,-20,50,48,0,0,0,0,10,-86,-86,-108,-118,90,-78,-80
Nav,16,1537,1,16,1,1,5,-39,-76,-82,5,83,-10,0,46,-56,-112,-86,4,-18,-20,63,-80,48,105,-63,26,-86,-86,-105,26,1,-94,-80
Raw,1790862845997
Raw,1790862846997
Nav,3,1537,1,17,3,3,5,-1,-15,30,-120,-97,63,11,4,68,5,82,62,-31,70,-80,0,0,0,0,10,-86,-86,-112,113,77,34,-16
Nav,25,1537,1,17,3,3,5,63,-15,-101,-57,-22,-63,-95,69,-14,-125,10,-62,32,22,-80,0,0,0,0,10,-86,-86,-106,-112,98,82,-16
Nav,32,1537,1,17,3,3,4,63,-16,-126,73,-56,-1,-124,68,78,-60,-14,-1,101,-58,-79,-83,33,-121,49,-70,104,-118,81,-104,-107,-62,-16
Raw,1790862847997
Raw,1790862848997
Nav,3,1537,1,17,5,5,32,-65,-104,34,-96,0,64,24,11,12,-63,50,42,-86,-86,-96,0,0,0,0,10,-86,-86,-107,38,-91,64,64
Nav,25,1537,1,17,5,5,32,-65,-104,34,-96,0,-32,48,11,12,-63,50,42,-86,-86,-96,0,0,0,0,10,-86,-86,-102,-19,-105,-128,64
Raw,1790862849997
Raw,1790862850997
Nav,16,1537,1,17,0,0,-107,85,85,85,85,85,85,85,85,85,85,86,25,-96,-103,58,-69,-33,-17,-22,112,60,4,17,-37,88,-30,-80
Nav,25,1537,1,17,0,0,-107,85,85,85,85,85,85,85,85,85,85,86,25,-96,-103,48,0,0,0,0,10,-86,-86,-103,-14,92,82,-80
Nav,3,1537,1,17,0,0,-107,85,85,85,85,85,85,85,85,85,85,86,25,-96,-103,48,0,0,0,0,10,-86,-86,-103,-14,92,82,-80
Raw,1790862851997
Raw,1790862852997
Nav,3,1537,1,17,16,16,17,28,-112,89,-42,63,65,-75,60,-63,102,59,-1,98,-40,0,0,0,0,0,10,-86,-86,-109,58,32,-62,-16
Nav,25,1537,1,17,16,16,-24,-108,-7,105,-85,15,-105,91,8,88,37,-84,0,102,-32,0,0,0,0,0,10,-86,-86,-106,-42,63,-94,-16
Raw,1790862853997
Raw,1790862854997
Nav,3,1537,1,17,2,2,5,-48,109,96,-123,9,-33,-78,60,-118,-26,-35,-25,33,98,-48,0,0,0,0,10,-86,-86,-100,-62,116,80,64
Nav,25,1537,1,17,2,2,5,37,-42,-61,62,73,-54,36,7,55,-11,-78,-128,110,-56,-48,0,0,0,0,10,-86,-86,-102,107,86,-64,64
Raw,1790862855997
Raw,1790862856997
Nav,3,1537,1,17,4,4,5,-61,-1,-19,-1,-27,102,-45,-1,-91,108,-113,-1,-26,-48,16,0,0,0,0,10,-86,-86,-111,83,-18,-14,-80
Nav,25,1537,1,17,4,4,5,25,-1,-84,0,31,102,88,0,44,-36,-57,-1,-17,-80,16,0,0,0,0,10,-86,-86,-100,85,90,-110,-80
Nav,32,1537,1,17,4,4,5,-32,-1,-24,-1,-6,102,-45,-1,-41,-71,-57,-1,-27,64,27,8,-57,36,-9,-102,-86,-86,-101,-58,126,66,-80
Raw,1790862857997
Raw,1790862858997
Nav,3,1537,1,17,6,6,0,0,0,0,0,0,0,18,96,-122,-119,-30,76,36,-51,-96,0,0,0,0,10,-86,-86,-108,-114,-37,114,-16
Nav,25,1537,1,17,6,6,0,0,0,0,0,0,0,18,96,-122,-119,-30,76,36,-51,-96,0,0,0,0,10,-86,-86,-108,-114,-37,114,-16
Nav,32,1537,1,17,6,6,0,0,0,0,0,0,0,18,96,-122,-119,-30,76,36,-51,-94,44,58,28,73,-70,-86,-86,-100,-27,-107,98,-16
Nav,12,1537,1,17,6,6,0,0,0,0,0,0,0,18,96,-122,-119,-30,76,36,-51,-81,123,84,102,-48,122,-86,-86,-106,-114,-25,-113,-48
Raw,1790862859997
Raw,1790862860997
Nav,12,1537,1,17,9,9,42,-110,-5,69,0,38,0,8,6,0,-32,72,87,45,-3,107,16,80,-16,-126,106,-86,-86,-105,-53,39,47,-48
Nav,25,1537,1,17,9,9,-6,-113,-14,39,0,38,0,8,6,0,-48,72,87,39,-3,96,0,0,0,0,10,-86,-86,-112,-32,47,-48,64
Raw,1790862861997
Raw,1790862862997
Nav,12,1537,1,17,10,10,36,27,111,-30,97,-79,-1,-45,-1,-16,-1,-94,-2,-27,-32,102,-104,126,-79,-80,-70,-86,-86,-112,72,-121,-113,-48
Nav,25,1537,1,17,10,10,-12,27,111,-30,79,-99,-1,-45,-1,-16,-1,-94,-2,-27,-32,96,0,0,0,0,10,-86,-86,-111,66,-61,18,-80
Nav,16,1537,1,17,10,10,36,27,111,-30,97,-79,-1,-45,-1,-16,-1,-94,-2,-27,-32,100,-102,14,110,-30,26,-86,-86,-105,6,20,-30,-80
Nav,32,1537,1,17,10,10,-76,27,111,-30,55,-125,-1,-45,-1,-16,-1,-94,-2,-27,-32,100,-101,-50,115,96,-118,-86,-86,-97,35,-2,50,-80
Raw,1790862863997
Raw,1790862864997
Nav,3,1537,1,17,18,18,33,-40,-20,110,-115,20,-38,37,-28,-95,106,4,-82,46,32,-32,0,0,0,0,10,-86,-86,-112,56,71,-94,-16
Nav,25,1537,1,17,18,18,-118,47,15,65,-111,-28,30,7,9,33,3,61,-92,44,-102,-112,0,0,0,0,10,-86,-86,-110,83,-89,34,-16
Nav,32,1537,1,17,18,18,-101,-36,68,99,104,73,-15,-13,-98,-96,-122,11,-109,110,107,50,32,113,-102,47,-54,-86,-86,-109,42,-2,18,-16
Nav,12,1537,1,17,0,0,-107,85,85,85,85,85,85,85,85,85,85,86,25,-96,-102,19,0,-2,-35,8,-6,-86,-86,-103,-73,25,-17,-48
Raw,1790862865997
Raw,1790862866997
Nav,3,1537,1,17,20,20,-107,-58,42,52,94,-89,41,13,-128,27,-48,-121,64,32,107,96,0,0,0,0,10,-86,-86,-104,117,46,16,64
Nav,25,1537,1,17,20,20,115,15,-35,-52,85,-86,-104,52,-81,-87,123,13,-24,-83,-8,80,0,0,0,0,10,-86,-86,-110,27,-91,-32,64
Nav,32,1537,1,17,20,20,-128,-34,-110,88,72,65,93,-85,121,14,61,-123,65,-90,-11,112,88,51,-14,12,-6,-86,-86,-110,-61,-125,48,64
Raw,1790862867997
Raw,1790862868997
Nav,3,1537,1,17,16,16,17,28,80,93,-42,63,65,-75,60,-63,-77,-49,-1,98,-52,0,0,0,0,0,10,-86,-86,-100,-102,-118,-78,-80
Nav,25,1537,1,17,16,16,-32,-108,-7,101,-85,15,-105,91,6,88,115,64,0,102,12,0,0,0,0,0,10,-86,-86,-110,-127,-31,-62,-80
Nav,32,1537,1,17,16,16,-24,25,7,-61,108,-59,66,100,-100,-97,111,-9,-1,-85,-68,8,105,46,-1,-116,106,-86,-86,-106,-91,81,-110,-80
Raw,1790862869997
Raw,1790862870997
Nav,3,1537,1,18,0,0,-107,85,85,85,85,85,85,85,85,85,85,86,25,-96,-102,112,0,0,0,0,10,-86,-86,-99,-78,-68,-94,-16
Raw,1790862871997
Raw,1790862872997
Raw,1790862873997
Raw,1790862874997
Nav,32,1537,1,18,1,1,5,-39,-76,11,-51,74,30,0,34,14,-64,-86,4,-25,-43,-66,-16,-116,124,88,-22,-86,-86,-100,-75,-23,-62,-80
Raw,1790862875997
Raw,1790862876997
Nav,16,1537,1,18,3,3,5,-1,-15,-125,72,9,1,-80,-58,35,-62,-9,-126,44,38,-66,59,96,-49,-112,58,-86,-86,-100,-53,5,18,-16
Nav,25,1537,1,18,3,3,5,63,-15,-101,-57,-22,-63,-95,69,-14,-125,10,-62,32,22,-80,0,0,0,0,10,-86,-86,-106,-112,98,82,-16
Nav,12,1537,1,18,3,3,5,-1,-16,7,-57,-87,63,90,127,-6,75,69,-1,96,-74,-80,59,96,-49,-112,58,-86,-86,-108,-80,-36,-97,-48
Nav,32,1537,1,18,3,3,5,-1,-16,-118,-55,-72,127,75,-124,85,-60,-20,-1,37,70,-66,59,96,-49,-112,58,-86,-86,-97,113,-84,114,-16
Raw,1790862877997
Raw,1790862878997
Nav,16,1537,1,18,5,5,32,-65,-104,34,-96,126,31,-96,11,12,-63,53,-22,-86,-86,-93,100,-102,52,-5,-54,-86,-86,-112,-109,-52,96,64
Nav,25,1537,1,18,5,5,32,-65,-104,34,-96,0,-32,48,11,12,-63,53,-22,-86,-86,-96,0,0,0,0,10,-86,-86,-105,104,-80,96,64
Nav,3,1537,1,18,5,5,32,-65,-104,34,-96,0,64,24,11,12,-63,53,-22,-86,-86,-96,0,0,0,0,10,-86,-86,-104,-93,-126,-96,64
Nav,12,1537,1,18,5,5,32,-65,-104,34,-96,121,-66,88,11,12,-63,53,-22,-86,-86,-94,-12,-102,52,-5,-54,-86,-86,-107,75,37,31,-48
Nav,32,1537,1,18,5,5,32,-65,-104,34,-96,126,-97,-80,11,12,-63,53,-22,-86,-86,-93,100,-102,52,-5,-54,-86,-86,-104,-1,19,48,64
Raw,1790862879997
Raw,1790862880997
Nav,16,1537,1,18,0,0,-107,85,85,85,85,85,85,85,85,85,85,86,25,-96,-101,22,-114,-72,-82,-60,42,-86,-86,-97,-76,127,-46,-80
Nav,25,1537,1,18,0,0,-107,85,85,85,85,85,85,85,85,85,85,86,25,-96,-101,16,0,0,0,0,10,-86,-86,-101,126,64,18,-80
Nav,3,1537,1,18,0,0,-107,85,85,85,85,85,85,85,85,85,85,86,25,-96,-101,16,0,0,0,0,10,-86,-86,-101,126,64,18,-80
Nav,32,1537,1,18,0,0,-107,85,85,85,85,85,85,85,85,85,85,86,25,-96,-101,22,-114,-72,-82,-60,42,-86,-86,-97,-76,127,-46,-80
Nav,12,1537,1,18,0,0,-107,85,85,85,85,85,85,85,85,85,85,86,25,-96,-101,19,78,-72,-82,-60,42,-86,-86,-108,92,-104,95,-48
Raw,1790862881997
Raw,1790862882997
Nav,16,1537,1,18,16,16,-26,-45,-8,43,-75,60,-105,57,68,-109,-11,-109,-2,-17,16,15,46,40,-96,0,10,-86,-86,-99,10,34,82,-16
Nav,25,1537,1,18,16,16,-32,-108,-7,101,-85,15,-105,91,6,88,115,64,0,102,12,0,0,0,0,0,10,-86,-86,-110,-127,-31,-62,-16
Nav,3,1537,1,18,16,16,17,28,80,93,-42,63,65,-75,60,-63,-77,-49,-1,98,-52,0,0,0,0,0,10,-86,-86,-100,-102,-118,-78,-16
Nav,32,1537,1,18,16,16,-24,25,7,-61,108,-59,66,100,-100,-97,111,-9,-1,-85,-68,15,46,40,-96,0,10,-86,-86,-110,-1,30,-14,-16
Nav,12,1537,1,18,0,0,-107,85,85,85,85,85,85,85,85,85,85,86,25,-96,-101,62,14,40,-96,0,10,-86,-86,-106,-126,-104,79,-48
Raw,1790862883997
Raw,1790862884997
Nav,25,1537,1,18,2,2,5,37,-42,-61,62,73,-54,36,7,55,-11,-78,-128,110,-56,-48,0,0,0,0,10,-86,-86,-102,107,86,-64,64
Nav,3,1537,1,18,2,2,5,-48,109,96,-123,9,-33,-78,60,-118,-26,-35,-25,33,98,-48,0,0,0,0,10,-86,-86,-100,-62,116,80,64
Nav,16,1537,1,18,2,2,5,-27,-50,96,-80,73,-49,59,7,-91,-29,-54,-115,46,114,-103,39,-109,-45,-69,42,-86,-86,-111,29,-91,64,64
Nav,32,1537,1,18,2,2,5,-48,-103,52,75,73,-86,-2,30,-49,-31,35,-46,-31,104,89,33,-97,99,-91,74,-86,-86,-109,28,-57,0,64
Raw,1790862885997
Raw,1790862886997
Nav,25,1537,1,18,4,4,5,25,-1,-84,0,31,102,88,0,44,-36,-57,-1,-17,-80,16,0,0,0,0,10,-86,-86,-100,85,90,-110,-80
Nav,3,1537,1,18,4,4,5,-61,-1,-19,-1,-27,102,-45,-1,-91,108,-113,-1,-26,-48,16,0,0,0,0,10,-86,-86,-111,83,-18,-14,-80
Raw,1790862887997
Raw,1790862888997
Nav,25,1537,1,18,6,6,0,0,0,0,0,0,0,18,96,-122,-119,-30,76,36,-36,-96,0,0,0,0,10,-86,-86,-104,-118,-10,-62,-16
Nav,3,1537,1,18,6,6,0,0,0,0,0,0,0,18,96,-122,-119,-30,76,36,-36,-96,0,0,0,0,10,-86,-86,-104,-118,-10,-62,-16
Nav,12,1537,1,18,6,6,0,0,0,0,0,0,0,18,96,-122,-119,-30,76,36,-36,-89,-40,-106,-85,-56,-6,-86,-86,-103,5,110,63,-48
Raw,1790862889997
Raw,1790862890997
Nav,3,1537,1,18,7,7,42,-110,16,1,-96,52,116,-109,-21,32,-37,-1,25,-20,-127,80,0,0,0,0,10,-86,-86,-101,-106,-25,-16,64
Nav,25,1537,1,18,7,7,-6,-113,16,1,-128,52,117,19,-21,32,-37,-1,25,103,-95,80,0,0,0,0,10,-86,-86,-100,121,43,-80,64
Nav,12,1537,1,18,7,7,42,-110,16,1,-96,52,116,-109,-21,32,-37,-1,25,-20,-127,87,-48,-80,-14,-112,-22,-86,-86,-107,49,-65,-81,-48
Nav,32,1537,1,18,7,7,42,-110,16,1,-96,52,116,-109,-21,32,-37,-1,25,-20,-127,95,96,-128,-121,25,74,-86,-86,-108,113,-112,32,64
Raw,1790862891997
Raw,1790862892997
Nav,3,1537,1,18,8,8,32,7,32,10,0,-96,13,2,69,74,31,89,6,-26,-2,32,0,0,0,0,10,-86,-86,-97,-38,8,-14,-80
Nav,25,1537,1,18,8,8,-16,7,32,10,0,-96,14,2,69,75,-97,89,6,-26,-2,32,0,0,0,0,10,-86,-86,-108,-112,-10,-14,-80
Nav,16,1537,1,18,8,8,32,7,32,10,0,-96,13,2,69,74,31,89,6,-26,-2,35,74,14,-2,-63,10,-86,-86,-107,75,-114,98,-80
Nav,12,1537,1,18,8,8,32,7,32,10,0,-96,13,2,69,74,31,89,6,-26,-2,43,-48,-59,-31,-16,-54,-86,-86,-98,6,15,127,-48
Nav,32,1537,1,18,8,8,32,7,32,10,0,-96,13,2,69,74,31,89,6,-26,-2,35,78,123,35,-78,10,-86,-86,-105,90,117,114,-80
Raw,1790862893997
Raw,1790862894997
Nav,16,1537,1,19,17,17,37,-38,26,-7,-124,120,-62,-92,-86,17,-7,-26,13,47,70,104,84,-13,9,-12,10,-86,-86,-104,35,-116,34,-16
Nav,25,1537,1,19,17,17,109,36,51,67,61,-6,7,-75,16,41,-119,-123,-65,111,2,48,0,0,0,0,10,-86,-86,-102,105,86,18,-16
Nav,32,1537,1,19,17,17,98,-5,42,-29,-20,-115,123,-101,-66,-44,20,69,-56,98,70,40,84,-5,-11,-65,122,-86,-86,-105,-73,96,-78,-16
Raw,1790862895997
Raw,1790862896997
Raw,1790862897997
Raw,1790862898997
Nav,25,1537,1,19,16,16,-32,-108,-71,99,-85,15,-105,91,6,88,-64,-40,0,102,20,0,0,0,0,0,10,-86,-86,-103,98,27,34,-80
Nav,3,1537,1,19,16,16,17,28,16,95,-42,64,65,-75,58,-62,1,103,-1,98,-64,0,0,0,0,0,10,-86,-86,-106,-92,-29,-14,-80
Raw,1790862899997
Raw,1790862900997
Nav,16,1537,1,19,0,0,-107,85,85,85,85,85,85,85,85,85,85,86,25,-96,-100,83,-45,113,12,-126,26,-86,-86,-110,76,25,98,-16
Nav,25,1537,1,19,0,0,-107,85,85,85,85,85,85,85,85,85,85,86,25,-96,-100,80,0,0,0,0,10,-86,-86,-107,-80,-124,2,-16
Raw,1790862901997
Raw,1790862902997
Nav,25,1537,1,19,0,0,-107,85,85,85,85,85,85,85,85,85,85,86,25,-96,-100,112,0,0,0,0,10,-86,-86,-110,123,-118,48,64
Nav,12,1537,1,19,0,0,-107,85,85,85,85,85,85,85,85,85,85,86,25,-96,-100,116,-100,-1,102,45,90,-86,-86,-99,19,-106,31,-48
Raw,1790862903997
Raw,1790862904997
Nav,3,1537,1,19,1,1,5,-39,-76,48,-40,80,-18,0,72,-18,36,-86,4,-21,83,112,0,0,0,0,10,-86,-86,-101,100,-47,98,-80
Nav,25,1537,1,19,1,1,5,25,-106,62,-28,-48,39,0,30,-4,-109,-86,4,-20,50,48,0,0,0,0,10,-86,-86,-108,-118,90,-78,-80
Nav,12,1537,1,19,1,1,5,-39,-76,22,78,75,91,0,20,-82,-71,-86,4,-25,13,116,-47,-112,-11,87,10,-86,-86,-111,114,-40,95,-48
Nav,16,1537,1,19,1,1,5,-39,-76,-82,5,83,-10,0,46,-56,-112,-86,4,-18,-20,51,32,48,-123,87,10,-86,-86,-99,80,-49,2,-80
Nav,32,1537,1,19,1,1,5,-39,-76,11,-51,74,30,0,34,14,-64,-86,4,-25,-43,-77,33,-112,-11,87,10,-86,-86,-100,-41,-107,-110,-80
Raw,1790862905997
Raw,1790862906997
Nav,25,1537,1,19,3,3,5,63,-15,-101,-57,-22,-63,-95,69,-14,-125,10,-62,32,22,-80,0,0,0,0,10,-86,-86,-106,-112,98,82,-16
Raw,1790862907997
Raw,1790862908997
Nav,25,1537,1,19,5,5,32,-65,-104,34,-96,0,-32,48,11,12,-63,57,-86,-86,-86,-96,0,0,0,0,10,-86,-86,-98,9,-73,64,64
Raw,1790862909997
Raw,1790862910997
Raw,1790862911997
Raw,1790862912997
Nav,25,1537,1,19,16,16,-32,-108,-71,99,-85,15,-105,91,6,88,-64,-40,0,102,20,0,0,0,0,0,10,-86,-86,-103,98,27,34,-16
Raw,1790862913997
Raw,1790862914997
Raw,1790862915997
Raw,1790862916997
Raw,1790862917997
Raw,1790862918997
Nav,25,1537,1,20,6,6,0,0,0,0,0,0,0,18,96,-122,-119,-30,76,36,-21,-96,0,0,0,0,10,-86,-86,-98,108,107,66,-16
Raw,1790862919997
Raw,1790862920997
Nav,25,1537,1,20,9,9,-6,-113,72,-22,0,35,0,8,12,0,-80,86,-122,105,-5,48,0,0,0,0,10,-86,-86,-100,25,-127,0,64
Raw,1790862921997
Raw,1790862922997
Nav,25,1537,1,20,10,10,-12,27,15,-30,-65,-21,-2,-91,-1,-16,-1,-94,-2,-27,-32,96,0,0,0,0,10,-86,-86,-101,82,93,-94,-80
Nav,16,1537,1,20,10,10,36,27,15,-30,-46,25,-2,-91,-1,-16,-1,-94,-2,-27,-32,109,-104,28,97,98,26,-86,-86,-107,-78,36,82,-80
Raw,1790862923997
Raw,1790862924997
Nav,25,1537,1,20,18,18,-118,47,15,65,-111,-28,30,7,9,33,3,61,-92,44,-102,-112,0,0,0,0,10,-86,-86,-110,83,-89,34,-16
Nav,16,1537,1,20,18,18,19,-25,-35,-65,109,-82,-3,-83,-57,-30,-44,-79,64,40,51,-106,16,-15,-126,-101,106,-86,-86,-99,-21,116,-94,-16
Raw,1790862925997
Raw,1790862926997
Nav,25,1537,1,20,20,20,115,15,-35,-52,85,-86,-104,52,-81,-87,123,13,-24,-83,-8,80,0,0,0,0,10,-86,-86,-110,27,-91,-32,64
Raw,1790862927997
Raw,1790862928997
Raw,1790862929997
Raw,1790862930997
Nav,25,1537,1,20,0,0,-107,85,85,85,85,85,85,85,85,85,85,86,25,-96,-98,48,0,0,0,0,10,-86,-86,-104,-86,-124,34,-16
Raw,1790862931997
Raw,1790862932997
Nav,16,1537,1,20,0,0,-107,85,85,85,85,85,85,85,85,85,85,86,25,-96,-98,82,41,-105,-70,123,90,-86,-86,-110,-27,64,32,64
Nav,25,1537,1,20,0,0,-107,85,85,85,85,85,85,85,85,85,85,86,25,-96,-98,80,0,0,0,0,10,-86,-86,-112,-9,-106,112,64
Raw,1790862933997
Raw,1790862934997
Nav,16,1537,1,20,1,1,5,-39,-76,-82,5,83,-10,0,46,-56,-112,-86,4,-18,-20,60,114,28,-12,-29,90,-86,-86,-100,-75,93,34,-80
Nav,25,1537,1,20,1,1,5,25,-106,62,-28,-48,39,0,30,-4,-109,-86,4,-20,50,48,0,0,0,0,10,-86,-86,-108,-118,90,-78,-80
Raw,1790862935997
Raw,1790862936997
Nav,25,1537,1,20,3,3,5,63,-15,-101,-57,-22,-63,-95,69,-14,-125,10,-62,32,22,-80,0,0,0,0,10,-86,-86,-106,-112,98,82,-16
Raw,1790862937997
Raw,1790862938997
Raw,1790862939997
Raw,1790862940997
Raw,1790862941997
Raw,1790862942997
Nav,16,1537,1,21,16,16,-26,-45,-8,49,-75,60,-105,57,68,-108,-112,-65,-2,-17,0,3,65,-54,0,0,10,-86,-86,-97,52,-84,-110,-16
Nav,25,1537,1,21,16,16,-32,-108,-7,93,-85,14,-105,91,4,89,14,108,0,102,32,0,0,0,0,0,10,-86,-86,-102,-10,124,82,-16
Nav,3,1537,1,21,16,16,17,27,-112,95,-42,64,65,-75,58,-62,78,-1,-1,98,-72,0,0,0,0,0,10,-86,-86,-98,115,55,66,-16
Raw,1790862943997
Raw,1790862944997
Nav,16,1537,1,21,2,2,5,-27,-50,96,-80,73,-49,59,7,-91,-29,-54,-115,46,114,-103,37,-5,73,87,-6,-86,-86,-97,-86,-63,-80,64
Nav,25,1537,1,21,2,2,5,37,-42,-61,62,73,-54,36,7,55,-11,-78,-128,110,-56,-48,0,0,0,0,10,-86,-86,-102,107,86,-64,64
Nav,3,1537,1,21,2,2,5,-48,109,96,-123,9,-33,-78,60,-118,-26,-35,-25,33,98,-48,0,0,0,0,10,-86,-86,-100,-62,116,80,64
Raw,1790862945997
Raw,1790862946997
Nav,3,1537,1,21,4,4,5,-61,-1,-19,-1,-27,102,-45,-1,-91,108,-113,-1,-26,-48,16,0,0,0,0,10,-86,-86,-111,83,-18,-14,-80
Raw,1790862947997
Raw,1790862948997
Raw,1790862949997
Raw,1790862950997
Nav,16,1537,1,21,7,7,42,-110,28,1,-96,96,116,71,-21,32,-37,127,31,-19,105,86,-94,16,-2,103,26,-86,-86,-109,2,-82,112,64
Raw,1790862951997
Raw,1790862952997
Nav,16,1537,1,21,8,8,47,-4,-17,-1,-127,0,13,3,-28,-31,63,-47,7,106,-2,46,30,23,68,113,10,-86,-86,-108,17,-119,-14,-80
Nav,25,1537,1,21,8,8,-1,-4,-17,-1,-127,0,13,3,-28,-31,31,-47,7,107,-2,32,0,0,0,0,10,-86,-86,-98,-82,-63,-126,-80
Raw,1790862953997
Raw,1790862954997
Nav,16,1537,1,21,17,17,37,-38,26,-7,-124,120,-62,-92,-86,17,-7,-26,13,47,70,109,52,-7,-7,-51,-38,-86,-86,-109,-76,29,66,-16
Nav,25,1537,1,21,17,17,109,36,51,67,61,-6,7,-75,16,41,-119,-123,-65,111,2,48,0,0,0,0,10,-86,-86,-102,105,86,18,-16
Raw,1790862955997
Raw,1790862956997
Raw,1790862957997
Raw,1790862958997
Nav,16,1537,1,21,16,16,-26,-44,56,51,-75,60,-105,57,68,-108,-34,83,-2,-18,-4,13,-125,115,-23,-118,-118,-86,-86,-107,32,8,66,-80
Raw,1790862959997
Raw,1790862960997
Nav,16,1537,1,21,0,0,-107,85,85,85,85,85,85,85,85,85,85,86,25,-96,-96,18,52,-79,12,-91,-86,-86,-86,-107,-1,-96,2,-16
Nav,25,1537,1,21,0,0,-107,85,85,85,85,85,85,85,85,85,85,86,25,-96,-96,16,0,0,0,0,10,-86,-86,-102,110,127,2,-16
Raw,1790862961997
Raw,1790862962997
Nav,16,1537,1,21,0,0,-107,85,85,85,85,85,85,85,85,85,85,86,25,-96,-96,57,-100,87,31,83,10,-86,-86,-102,-68,24,96,64
Nav,25,1537,1,21,0,0,-107,85,85,85,85,85,85,85,85,85,85,86,25,-96,-96,48,0,0,0,0,10,-86,-86,-99,-91,113,48,64
Raw,1790862963997
Raw,1790862964997
Nav,16,1537,1,21,1,1,5,-39,-76,-82,5,83,-10,0,46,-56,-112,-86,4,-18,-20,60,32,48,-94,-50,122,-86,-86,-111,84,-114,-94,-80
Nav,25,1537,1,21,1,1,5,25,-106,62,-28,-48,39,0,30,-4,-109,-86,4,-20,50,48,0,0,0,0,10,-86,-86,-108,-118,90,-78,-80
Raw,1790862965997
Raw,1790862966997
Nav,16,1537,1,22,3,3,5,-1,-15,-125,72,9,1,-80,-58,35,-62,-9,-126,44,38,-71,94,-121,25,50,42,-86,-86,-107,-31,-48,114,-16
Nav,5,1537,1,22,3,3,5,63,-15,53,-56,112,-65,6,68,46,-123,105,62,-29,86,-80,0,0,0,0,10,-86,-86,-111,-54,-11,34,-16
Nav,3,1537,1,22,3,3,5,-1,-15,30,-120,-97,63,11,4,68,5,82,62,-31,70,-80,0,0,0,0,10,-86,-86,-112,113,77,34,-16
Raw,1790862967997
Raw,1790862968997
Raw,1790862969997
Raw,1790862970997
Raw,1790862971997
Raw,1790862972997
Nav,16,1537,1,22,16,16,-26,-44,56,51,-75,60,-105,57,68,-108,-34,83,-2,-18,-4,1,18,5,80,0,10,-86,-86,-100,25,50,82,-16
Nav,3,1537,1,22,16,16,17,27,-112,97,-42,64,65,-75,58,-62,-100,-109,-1,98,-76,0,0,0,0,0,10,-86,-86,-108,-42,61,-62,-16
Nav,12,1537,1,22,0,0,-107,85,85,85,85,85,85,85,85,85,85,86,25,-96,-96,-44,66,5,80,0,10,-86,-86,-102,2,105,63,-48
Raw,1790862973997
Raw,1790862974997
Nav,16,1537,1,22,2,2,5,-27,-50,96,-80,73,-49,59,7,-91,-29,-54,-115,46,114,-103,40,-85,30,114,122,-86,-86,-111,-124,7,48,64
Raw,1790862975997
Raw,1790862976997
Nav,16,1537,1,22,4,4,5,-48,0,0,-1,-52,102,-45,-1,125,-92,-65,-1,-27,0,27,75,-2,61,-65,-22,-86,-86,-105,-66,-126,18,-80
Nav,5,1537,1,22,4,4,5,5,-1,-1,-1,-23,102,88,0,-116,-31,56,0,43,-64,16,0,0,0,0,10,-86,-86,-104,-83,-28,-62,-80
Nav,25,1537,1,22,4,4,5,25,-1,-84,0,31,102,88,0,44,-36,-57,-1,-17,-80,16,0,0,0,0,10,-86,-86,-100,85,90,-110,-80
Raw,1790862977997
Raw,1790862978997
Nav,16,1537,1,22,6,6,0,0,0,0,0,0,0,18,96,-122,-119,-30,76,37,9,-81,124,99,67,-117,42,-86,-86,-109,-69,7,-62,-16
Nav,5,1537,1,22,6,6,0,0,0,0,0,0,0,18,96,-122,-119,-30,76,37,9,-96,0,0,0,0,10,-86,-86,-103,108,66,50,-16
Nav,25,1537,1,22,6,6,0,0,0,0,0,0,0,18,96,-122,-119,-30,76,37,9,-96,0,0,0,0,10,-86,-86,-103,108,66,50,-16
Raw,1790862979997
Raw,1790862980997
Nav,16,1537,1,22,9,9,42,-110,21,41,-1,-121,-1,-16,18,0,-48,62,67,-30,-1,75,16,-80,-13,-120,-6,-86,-86,-103,-123,42,-48,64
Nav,5,1537,1,22,9,9,-6,-113,12,19,-1,-121,-1,-16,18,0,-48,62,67,-31,-1,64,0,0,0,0,10,-86,-86,-107,-105,-11,112,64
Raw,1790862981997
Raw,1790862982997
Nav,16,1537,1,22,10,10,36,29,-65,-30,-12,-5,-1,78,0,-80,-1,-94,-2,-27,-32,102,-109,25,30,-110,26,-86,-86,-102,80,-48,50,-80
Nav,5,1537,1,22,10,10,-12,29,-65,-30,-30,-47,-1,78,0,-80,-1,-94,-2,-27,-32,96,0,0,0,0,10,-86,-86,-100,-128,33,82,-80
Nav,12,1537,1,22,10,10,36,29,-65,-30,-12,-5,-1,78,0,-80,-1,-94,-2,-27,-32,100,-111,49,42,16,-70,-86,-86,-107,-19,-99,47,-48
Nav,3,1537,1,22,10,10,36,29,-65,-30,-12,-5,-1,78,0,-80,-1,-94,-2,-27,-32,96,0,0,0,0,10,-86,-86,-106,-11,117,-78,-80
Raw,1790862983997
Raw,1790862984997
Nav,16,1537,1,22,18,18,19,-25,-35,-65,109,-82,-3,-83,-57,-30,-44,-79,64,40,51,-109,0,-12,-1,-81,-6,-86,-86,-111,5,-125,114,-16
Nav,5,1537,1,22,18,18,106,11,118,-28,-31,-128,-52,121,-15,97,-20,90,-85,46,8,-96,0,0,0,0,10,-86,-86,-106,-58,48,-46,-16
Nav,3,1537,1,22,18,18,33,-40,-20,110,-115,20,-38,37,-28,-95,106,4,-82,46,32,-32,0,0,0,0,10,-86,-86,-112,56,71,-94,-16
Nav,12,1537,1,22,0,0,-107,85,85,85,85,85,85,85,85,85,85,86,25,-96,-95,-110,32,-11,61,55,-102,-86,-86,-105,109,100,-17,-48
Raw,1790862985997
Raw,1790862986997
Nav,16,1537,1,22,20,20,-85,-46,79,65,-53,-43,-7,-39,42,-104,-74,95,118,-17,57,-123,107,-8,-95,12,-70,-86,-86,-103,-108,-87,96,64
Nav,5,1537,1,22,20,20,-103,63,25,109,-63,-107,113,66,-118,-7,-118,59,94,42,28,96,0,0,0,0,10,-86,-86,-100,33,52,0,64
Raw,1790862987997
Raw,1790862988997
Nav,16,1537,1,22,16,16,-26,-44,120,53,-75,60,-105,57,68,-107,43,-25,-2,-18,-8,5,-109,49,47,83,10,-86,-86,-107,-64,10,-62,-80
Nav,5,1537,1,22,16,16,56,93,7,109,-42,105,65,-75,-101,2,-65,8,1,38,0,0,0,0,0,0,10,-86,-86,-105,-4,6,-110,-80
Raw,1790862989997
Raw,1790862990997
Nav,16,1537,1,23,0,0,-107,85,85,85,85,85,85,85,85,85,85,86,25,-96,-95,-9,-110,-47,-112,-16,-22,-86,-86,-110,84,-73,114,-16
Nav,5,1537,1,23,0,0,-107,85,85,85,85,85,85,85,85,85,85,86,25,-96,-95,-16,0,0,0,0,10,-86,-86,-101,-22,116,-62,-16
Raw,1790862991997
Raw,1790862992997
Nav,16,1537,1,23,0,0,-107,85,85,85,85,85,85,85,85,85,85,86,25,-96,-94,21,37,100,-51,-77,74,-86,-86,-107,25,-109,-48,64
Nav,5,1537,1,23,0,0,-107,85,85,85,85,85,85,85,85,85,85,86,25,-96,-94,16,0,0,0,0,10,-86,-86,-97,41,109,112,64
Raw,1790862993997
Raw,1790862994997
Nav,16,1537,1,23,1,1,5,-39,-76,-82,5,83,-10,0,46,-56,-112,-86,4,-18,-20,63,114,28,-1,-81,42,-86,-86,-106,-27,46,-78,-80
Nav,5,1537,1,23,1,1,5,25,-106,72,-23,-29,40,0,35,-93,75,-86,4,-21,12,48,0,0,0,0,10,-86,-86,-98,56,-34,2,-80
Nav,12,1537,1,23,1,1,5,-39,-76,22,78,75,91,0,20,-82,-71,-86,4,-25,13,126,-16,-68,-1,-81,42,-86,-86,-99,97,-49,63,-48
Raw,1790862995997
Raw,1790862996997
Nav,16,1537,1,23,3,3,5,-1,-15,-125,72,9,1,-80,-58,35,-62,-9,-126,44,38,-80,60,68,-43,-106,-70,-86,-86,-108,-43,-15,-78,-16
Nav,5,1537,1,23,3,3,5,63,-15,53,-56,112,-65,6,68,46,-123,105,62,-29,86,-80,0,0,0,0,10,-86,-86,-111,-54,-11,34,-16
Nav,12,1537,1,23,3,3,5,-1,-16,7,-57,-87,63,90,127,-6,75,69,-1,96,-74,-66,60,68,-43,-106,-70,-86,-86,-100,-82,40,63,-48
Raw,1790862997997
Raw,1790862998997
Nav,16,1537,1,23,5,5,32,-65,-104,34,-96,126,31,-96,11,12,-63,68,-22,-86,-86,-94,-2,-43,-67,53,122,-86,-86,-97,-60,111,80,64
Nav,5,1537,1,23,5,5,32,-65,-104,34,-96,1,0,56,11,12,-63,68,-22,-86,-86,-96,0,0,0,0,10,-86,-86,-98,121,-96,80,64
Nav,12,1537,1,23,5,5,32,-65,-104,34,-96,121,-66,88,11,12,-63,68,-22,-86,-86,-93,110,-43,-67,53,122,-86,-86,-102,28,-122,47,-48
Raw,1790862999997
Raw,1790863000997
Nav,16,1537,1,23,0,0,-107,85,85,85,85,85,85,85,85,85,85,86,25,-96,-94,-109,64,-12,30,110,122,-86,-86,-107,47,105,34,-80
Nav,5,1537,1,23,0,0,-107,85,85,85,85,85,85,85,85,85,85,86,25,-96,-94,-112,0,0,0,0,10,-86,-86,-104,97,-102,2,-80
Raw,1790863001997
Raw,1790863002997
Nav,5,1537,1,23,16,16,56,93,7,109,-42,105,65,-75,-101,2,-65,8,1,38,0,0,0,0,0,0,10,-86,-86,-105,-4,6,-110,-16
Raw,1790863003997
Raw,1790863004997
Nav,5,1537,1,23,2,2,5,16,109,111,126,73,-33,-70,-70,-118,-105,28,-12,-31,62,-48,0,0,0,0,10,-86,-86,-106,75,69,0,64
Nav,16,1537,1,23,2,2,5,-27,-50,96,-80,73,-49,59,7,-91,-29,-54,-115,46,114,-103,33,-127,-39,74,-22,-86,-86,-112,57,2,48,64
Raw,1790863005997
Raw,1790863006997
Nav,16,1537,1,23,4,4,5,-48,0,0,-1,-52,102,-45,-1,125,-92,-65,-1,-27,0,27,90,4,36,-58,-102,-86,-86,-99,-91,11,114,-80
Raw,1790863007997
Raw,1790863008997
Nav,16,1537,1,23,6,6,0,0,0,0,0,0,0,18,96,-122,-119,-30,76,37,24,-89,-35,86,30,7,-102,-86,-86,-111,-92,-77,-46,-16
Raw,1790863009997
Raw,1790863010997
Nav,5,1537,1,23,7,7,-6,-113,40,1,0,70,38,72,51,118,110,-1,6,-23,-3,80,0,0,0,0,10,-86,-86,-101,47,-87,32,64
Raw,1790863011997
Raw,1790863012997
Nav,5,1537,1,23,8,8,-1,-27,15,-1,-127,96,10,1,38,-98,97,95,-77,-85,-2,0,0,0,0,0,10,-86,-86,-112,-125,-16,-110,-80
Raw,1790863013997
Raw,1790863014997
Raw,1790863015997
Raw,1790863016997
Nav,5,1537,1,24,19,19,88,35,-91,-76,-4,113,-124,101,22,0,-75,12,-64,39,14,-48,0,0,0,0,10,-86,-86,-109,-123,18,48,64
Raw,1790863017997
Raw,1790863018997
Nav,5,1537,1,24,16,16,64,92,-57,105,-42,105,65,-75,-101,3,12,-92,1,38,-40,0,0,0,0,0,10,-86,-86,-107,-59,-43,-62,-80
Nav,16,1537,1,24,16,16,-26,-44,120,57,-75,60,-105,57,66,-107,121,127,-2,-18,-20,3,-5,87,-102,-7,74,-86,-86,-102,-17,-88,66,-80
Raw,1790863019997
Raw,1790863020997
Raw,1790863021997
Raw,1790863022997
Nav,5,1537,1,24,0,0,-107,85,85,85,85,85,85,85,85,85,85,86,25,-96,-93,-16,0,0,0,0,10,-86,-86,-98,-83,102,-80,64
Raw,1790863023997
Raw,1790863024997
Nav,5,1537,1,24,1,1,5,25,-106,72,-23,-29,40,0,35,-93,75,-86,4,-21,12,48,0,0,0,0,10,-86,-86,-98,56,-34,2,-80
Nav,16,1537,1,24,1,1,5,-39,-76,-82,5,83,-10,0,46,-56,-112,-86,4,-18,-20,52,-48,48,-55,-62,74,-86,-86,-112,-4,73,-126,-80
Raw,1790863025997
Raw,1790863026997
Nav,5,1537,1,24,3,3,5,63,-15,53,-56,112,-65,6,68,46,-123,105,62,-29,86,-80,0,0,0,0,10,-86,-86,-111,-54,-11,34,-16
Nav,16,1537,1,24,3,3,5,-1,-15,-125,72,9,1,-80,-58,35,-62,-9,-126,44,38,-77,121,-71,-85,121,26,104,-118,92,-93,65,114,-16
Raw,1790863027997
Raw,1790863028997
Nav,5,1537,1,24,5,5,32,-65,-104,34,-96,1,0,56,11,12,-63,72,-86,-86,-86,-96,0,0,0,0,10,-86,-86,-105,24,-89,112,64
Nav,16,1537,1,24,5,5,32,-65,-104,34,-96,126,31,-96,11,12,-63,72,-86,-86,-86,-92,-112,-121,-80,77,-30,107,-104,-36,10,-16,-128,64
Raw,1790863029997
Raw,1790863030997
Raw,1790863031997
Raw,1790863032997
Raw,1790863033997
Raw,1790863034997
Raw,1790863035997
Raw,1790863036997
Raw,1790863037997
Raw,1790863038997
Raw,1790863039997
Raw,1790863040997
Raw,1790863041997
Raw,1790863042997
Nav,16,1537,1,25,10,10,46,-50,-65,-32,44,-99,-1,-81,-1,-16,-1,-94,-2,-27,-32,98,-32,-123,107,114,26,-86,-86,-109,-35,-113,-30,-80
Raw,1790863043997
Raw,1790863044997
Nav,16,1537,1,25,18,18,19,-25,-35,-65,109,-82,-3,-83,-57,-30,-44,-79,64,40,51,-110,-48,-16,73,-126,-70,-86,-86,-110,61,-24,98,-16
Raw,1790863045997
Raw,1790863046997
Raw,1790863047997
Raw,1790863048997
Raw,1790863049997
Raw,1790863050997
Raw,1790863051997
Raw,1790863052997
Raw,1790863053997
Raw,1790863054997
Nav,5,1537,1,25,1,1,5,25,-106,72,-23,-29,40,0,35,-93,75,-86,4,-21,12,48,0,0,0,0,10,-86,-86,-98,56,-34,2,-80
Raw,1790863055997
Raw,1790863056997
Nav,5,1537,1,25,3,3,5,63,-15,53,-56,112,-65,6,68,46,-123,105,62,-29,86,-80,0,0,0,0,10,-86,-86,-111,-54,-11,34,-16
Raw,1790863057997
Raw,1790863058997
Nav,16,1537,1,25,5,5,32,-65,-104,34,-96,126,31,-96,11,12,-63,76,106,-86,-86,-92,37,39,71,-40,-54,-86,-86,-97,-91,-25,32,64
Nav,5,1537,1,25,5,5,32,-65,-104,34,-96,1,0,56,11,12,-63,76,106,-86,-86,-96,0,0,0,0,10,-86,-86,-110,-111,44,-48,64
Raw,1790863059997
Raw,1790863060997
Raw,1790863061997
Raw,1790863062997
Raw,1790863063997
Raw,1790863064997
Nav,16,1537,1,26,2,2,5,-27,-50,96,-80,73,-49,59,7,-91,-29,-54,-115,46,114,-103,36,-18,9,-28,-38,-86,-86,-110,21,18,-48,64
Raw,1790863065997
Raw,1790863066997
Raw,1790863067997
Raw,1790863068997
Raw,1790863069996
Raw,1790863070996
Raw,1790863071996
Raw,1790863072996
Raw,1790863073996
Raw,1790863074996
Raw,1790863075996
Raw,1790863076996
Raw,1790863077996
Raw,1790863078996
Nav,16,1537,1,26,16,16,-26,-44,-72,61,-75,61,-105,57,64,-106,20,-85,-2,-18,-32,2,79,67,80,46,-6,-86,-86,-104,-124,105,-110,-80
Raw,1790863079996
Raw,1790863080996
Nav,16,1537,1,26,0,0,-107,85,85,85,85,85,85,85,85,85,85,86,25,-96,-89,-101,106,-79,12,-20,10,-86,-86,-109,-96,123,-62,-16
Raw,1790863081996
Raw,1790863082996
Raw,1790863083996
Raw,1790863084996
Raw,1790863085996
Raw,1790863086996
Raw,1790863087996
Raw,1790863088996
Raw,1790863089996
Raw,1790863090996
Raw,1790863091996
Raw,1790863092996
Raw,1790863093996
Raw,1790863094996
Nav,16,1537,1,27,2,2,5,-27,-50,96,-80,73,-49,59,7,-91,-29,-54,-115,46,114,-103,35,12,117,67,42,-86,-86,-112,5,113,-112,64
Raw,1790863095996
Raw,1790863096996
Raw,1790863097996
Raw,1790863098996
Nav,25,1537,1,27,6,6,0,0,0,0,0,0,0,18,96,-122,-119,-30,76,37,69,-96,0,0,0,0,10,-86,-86,-108,-51,-19,-30,-16
Raw,1790863099996
Raw,1790863100996
Nav,25,1537,1,27,9,9,-6,-113,85,85,85,85,85,85,30,0,112,41,-126,-23,-122,112,0,0,0,0,10,-86,-86,-103,-110,-62,-96,64
Raw,1790863101996
Raw,1790863102996
Nav,25,1537,1,27,10,10,-2,-49,31,-31,-115,55,-2,-53,-1,-16,-1,-94,-2,-27,-32,96,0,0,0,0,10,-86,-86,-103,-48,77,2,-80
Raw,1790863103996
Raw,1790863104996
Raw,1790863105996
Raw,1790863106996
Raw,1790863107996
Raw,1790863108996
Nav,25,1537,1,27,16,16,-32,-108,-7,77,-85,13,-105,90,-2,90,-33,-12,0,102,80,0,0,0,0,0,10,-86,-86,-102,121,-95,-46,-80
Raw,1790863109996
Raw,1790863110996
Nav,16,1537,1,28,0,0,-107,85,85,85,85,85,85,85,85,85,85,86,25,-96,-87,118,-33,33,-112,-8,74,-86,-86,-102,-23,48,-62,-16
Nav,25,1537,1,28,0,0,-107,85,85,85,85,85,85,85,85,85,85,86,25,-96,-87,112,0,0,0,0,10,-86,-86,-111,-38,5,-62,-16
Raw,1790863111996
Raw,1790863112996
Nav,16,1537,1,28,0,0,-107,85,85,85,85,85,85,85,85,85,85,86,25,-96,-87,-100,94,-25,29,-47,-86,-86,-86,-99,-71,117,32,64
Nav,25,1537,1,28,0,0,-107,85,85,85,85,85,85,85,85,85,85,86,25,-96,-87,-112,0,0,0,0,10,-86,-86,-98,-49,-32,-32,64
Raw,1790863113996
Raw,1790863114996
Raw,1790863115996
Raw,1790863116996
Nav,5,1537,1,28,3,3,5,63,-15,53,-56,112,-65,6,68,46,-123,105,62,-29,86,-80,0,0,0,0,10,-86,-86,-111,-54,-11,34,-16
Nav,25,1537,1,28,3,3,5,63,-15,-101,-57,-22,-63,-95,69,-14,-125,10,-62,32,22,-80,0,0,0,0,10,-86,-86,-106,-112,98,82,-16
Raw,1790863117996
Raw,1790863118996
Nav,25,1537,1,28,5,5,32,-65,-104,34,-96,0,-32,48,11,12,-63,83,-22,-86,-86,-96,0,0,0,0,10,-86,-86,-110,-44,71,-64,64
Nav,5,1537,1,28,5,5,32,-65,-104,34,-96,1,0,56,11,12,-63,83,-22,-86,-86,-96,0,0,0,0,10,-86,-86,-105,-79,-31,-48,64
Raw,1790863119996
Raw,1790863120996
Nav,25,1537,1,28,0,0,-107,85,85,85,85,85,85,85,85,85,85,86,25,-96,-86,16,0,0,0,0,10,-86,-86,-110,81,-21,2,-80
Nav,5,1537,1,28,0,0,-107,85,85,85,85,85,85,85,85,85,85,86,25,-96,-86,16,0,0,0,0,10,-86,-86,-110,81,-21,2,-80
Nav,3,1537,1,28,0,0,-107,85,85,85,85,85,85,85,85,85,85,86,25,-96,-86,16,0,0,0,0,10,-86,-86,-110,81,-21,2,-80
Nav,12,1537,1,28,0,0,-107,85,85,85,85,85,85,85,85,85,85,86,25,-96,-86,19,70,41,104,-8,-86,-86,-86,-97,-15,62,63,-48
Raw,1790863121996
Raw,1790863122996
Nav,25,1537,1,28,16,16,-32,-108,-7,77,-85,13,-105,90,-2,90,-33,-12,0,102,80,0,0,0,0,0,10,-86,-86,-102,121,-95,-46,-16
Nav,5,1537,1,28,16,16,64,93,7,99,-42,105,65,-75,-101,3,-11,104,1,38,-36,0,0,0,0,0,10,-86,-86,-107,-81,76,-110,-16
Nav,16,1537,1,28,16,16,-26,-44,-8,67,-75,61,-105,57,62,-106,98,63,-2,-18,-48,15,42,-62,0,0,10,-86,-86,-108,42,122,82,-16
Nav,3,1537,1,28,16,16,17,25,80,107,-42,64,65,-75,58,-60,32,-125,-1,98,116,0,0,0,0,0,10,-86,-86,-108,41,17,82,-16
Nav,32,1537,1,28,16,16,-24,25,71,-41,108,-58,66,100,-106,-95,-36,-89,-1,-85,-124,15,42,-62,0,0,10,-86,-86,-111,49,38,-14,-16
Nav,12,1537,1,28,0,0,-107,85,85,85,85,85,85,85,85,85,85,86,25,-96,-86,62,10,-62,0,0,10,-86,-86,-98,15,-117,15,-48
Raw,1790863123996
Raw,1790863124996
Nav,5,1537,1,28,2,2,5,16,109,111,126,73,-33,-70,-70,-118,-105,28,-12,-31,62,-48,0,0,0,0,10,-86,-86,-106,75,69,0,64
Nav,25,1537,1,28,2,2,5,37,-42,-61,62,73,-54,36,7,55,-11,-78,-128,110,-56,-48,0,0,0,0,10,-86,-86,-102,107,86,-64,64
Nav,16,1537,1,28,2,2,5,-27,-50,96,-80,73,-49,59,7,-91,-29,-54,-115,46,114,-103,36,-67,113,-77,-86,-86,-86,-101,-113,56,96,64
Raw,1790863125996
Raw,1790863126996
Nav,5,1537,1,28,4,4,5,5,-1,-1,-1,-23,102,88,0,-116,-31,56,0,43,-64,16,0,0,0,0,10,-86,-86,-104,-83,-28,-62,-80
Nav,16,1537,1,28,4,4,5,-48,0,0,-1,-52,102,-45,-1,125,-92,-65,-1,-27,0,27,17,97,-116,-12,74,-86,-86,-105,-20,-54,50,-80
Raw,1790863127996
Raw,1790863128996
Nav,25,1537,1,28,6,6,0,0,0,0,0,0,0,18,96,-122,-119,-30,76,37,84,-96,0,0,0,0,10,-86,-86,-104,-55,-64,82,-16
Raw,1790863129996
Raw,1790863130996
Nav,25,1537,1,28,7,7,-6,-113,64,2,64,94,94,15,-38,-53,-99,127,42,99,-23,80,0,0,0,0,10,-86,-86,-104,-105,-117,64,64
Raw,1790863131996
Raw,1790863132996
Nav,25,1537,1,28,8,8,-1,-3,-1,-1,-128,10,-86,-86,-86,-86,-86,-86,-86,-86,-86,-96,0,0,0,0,10,-86,-86,-99,31,-51,2,-80
Nav,3,1537,1,28,8,8,47,-3,-1,-1,-128,10,-86,-86,-86,-86,-86,-86,-86,-86,-86,-96,0,0,0,0,10,-86,-86,-100,-44,-12,34,-80
Raw,1790863133996
Raw,1790863134996
Nav,25,1537,1,29,17,17,109,36,51,67,61,-6,7,-75,16,41,-119,-123,-65,111,2,48,0,0,0,0,10,-86,-86,-102,105,86,18,-16
Nav,5,1537,1,29,17,17,2,51,-111,-34,118,-54,-94,-124,124,-79,-14,112,-112,-92,13,32,0,0,0,0,10,-86,-86,-99,106,3,18,-16
Raw,1790863135996
Raw,1790863136996
Raw,1790863137996
Raw,1790863138996
Nav,25,1537,1,29,16,16,-32,-107,57,75,-85,13,-105,90,-2,91,45,-120,0,102,80,0,0,0,0,0,10,-86,-86,-112,97,-102,50,-80
Raw,1790863139996
Raw,1790863140996
Raw,1790863141996
Raw,1790863142996
Raw,1790863143996
Raw,1790863144996
Nav,25,1537,1,29,1,1,5,25,-106,62,-28,-48,39,0,30,-4,-109,-86,4,-20,50,48,0,0,0,0,10,-86,-86,-108,-118,90,-78,-80
Nav,32,1537,1,29,1,1,5,-39,-76,11,-51,74,30,0,34,14,-64,-86,4,-25,-43,-77,33,-112,-3,40,10,-86,-86,-105,-55,56,-62,-80
Raw,1790863145996
Raw,1790863146996
Nav,25,1537,1,29,3,3,5,63,-15,-101,-57,-22,-63,-95,69,-14,-125,10,-62,32,22,-80,0,0,0,0,10,-86,-86,-106,-112,98,82,-16
Raw,1790863147996
Raw,1790863148996
Nav,25,1537,1,29,5,5,32,-65,-104,34,-96,0,-32,48,11,12,-63,87,-86,-86,-86,-96,0,0,0,0,10,-86,-86,-108,-96,1,-128,64
Raw,1790863149996
Raw,1790863150996
Raw,1790863151996
Raw,1790863152996
Nav,25,1537,1,29,16,16,-32,-107,57,75,-85,13,-105,90,-2,91,45,-120,0,102,80,0,0,0,0,0,10,-86,-86,-112,97,-102,50,-16
Raw,1790863153996
Raw,1790863154996
Nav,16,1537,1,29,2,2,5,-27,-50,96,-80,73,-49,59,7,-91,-29,-54,-115,46,114,-103,39,64,-17,76,-38,-86,-86,-105,54,-79,-128,64
Nav,25,1537,1,29,2,2,5,37,-42,-61,62,73,-54,36,7,55,-11,-78,-128,110,-56,-48,0,0,0,0,10,-86,-86,-102,107,86,-64,64
Nav,32,1537,1,29,2,2,5,-48,-103,52,75,73,-86,-2,30,-49,-31,35,-46,-31,104,89,40,-107,-99,-65,-102,-86,-86,-100,1,-9,-128,64
Raw,1790863155996
Raw,1790863156996
Nav,25,1537,1,29,4,4,5,25,-1,-84,0,31,102,88,0,44,-36,-57,-1,-17,-80,16,0,0,0,0,10,-86,-86,-100,85,90,-110,-80
Nav,32,1537,1,29,4,4,5,-32,-1,-24,-1,-6,102,-45,-1,-41,-71,-57,-1,-27,64,27,46,-22,-60,-82,-22,-86,-86,-99,11,-106,18,-80
Raw,1790863157996
Raw,1790863158996
Nav,25,1537,1,30,6,6,0,0,0,0,0,0,0,18,96,-122,-119,-30,76,37,99,-96,0,0,0,0,10,-86,-86,-98,47,93,-46,-16
Raw,1790863159996
Raw,1790863160996
Raw,1790863161996
Raw,1790863162996
Raw,1790863163996
Raw,1790863164996
Raw,1790863165996
Raw,1790863166996
Nav,25,1537,1,30,20,20,115,15,-35,-52,85,-86,-104,52,-81,-87,123,13,-24,-83,-8,80,0,0,0,0,10,-86,-86,-110,27,-91,-32,64
Raw,1790863167996
Raw,1790863168996
Nav,25,1537,1,30,16,16,-32,-107,57,69,-85,13,-105,90,-2,91,123,28,0,102,100,0,0,0,0,0,10,-86,-86,-99,41,-117,-14,-80
Raw,1790863169996
Raw,1790863170996
Nav,25,1537,1,30,0,0,-107,85,85,85,85,85,85,85,85,85,85,86,25,-96,-83,48,0,0,0,0,10,-86,-86,-108,-62,61,66,-16
Raw,1790863171996
Raw,1790863172996
Nav,25,1537,1,30,0,0,-107,85,85,85,85,85,85,85,85,85,85,86,25,-96,-83,80,0,0,0,0,10,-86,-86,-100,-97,47,16,64
Raw,1790863173996
Raw,1790863174996
Nav,25,1537,1,30,1,1,5,25,-106,62,-28,-48,39,0,30,-4,-109,-86,4,-20,50,48,0,0,0,0,10,-86,-86,-108,-118,90,-78,-80
Raw,1790863175996
Raw,1790863176996
Raw,1790863177996
Raw,1790863178996
Raw,1790863179996
Raw,1790863180996
Nav,16,1537,1,30,0,0,-107,85,85,85,85,85,85,85,85,85,85,86,25,-96,-83,-34,-77,-87,108,50,-22,-86,-86,-97,62,-101,-46,-80
Nav,25,1537,1,30,0,0,-107,85,85,85,85,85,85,85,85,85,85,86,25,-96,-83,-48,0,0,0,0,10,-86,-86,-101,-41,-40,98,-80
Nav,32,1537,1,30,0,0,-107,85,85,85,85,85,85,85,85,85,85,86,25,-96,-83,-34,-77,-87,108,50,-22,-86,-86,-97,62,-101,-46,-80
Raw,1790863181996
Raw,1790863182996
Nav,16,1537,1,1,16,16,-26,-43,56,69,-75,61,-105,57,62,-106,-3,107,-2,-18,-52,3,72,24,0,0,10,-86,-86,-104,-122,87,-30,-16
Nav,25,1537,1,1,16,16,-32,-107,57,69,-85,13,-105,90,-2,91,123,28,0,102,100,0,0,0,0,0,10,-86,-86,-99,41,-117,-14,-16
Nav,32,1537,1,1,16,16,-24,25,7,-35,108,-58,66,100,-106,-94,119,-45,-1,-85,119,-13,72,24,0,0,10,-86,-86,-102,-119,118,34,-16
Raw,1790863183996
Raw,1790863184996
Nav,16,1537,1,1,2,2,5,-27,-50,96,-80,73,-49,59,7,-91,-29,-54,-115,46,114,-103,35,99,26,42,-54,-86,-86,-108,-47,32,-128,64
Nav,25,1537,1,1,2,2,5,37,-42,-61,62,73,-54,36,7,55,-11,-78,-128,110,-56,-48,0,0,0,0,10,-86,-86,-102,107,86,-64,64
Nav,32,1537,1,1,2,2,5,-48,-103,52,75,73,-86,-2,30,-49,-31,35,-46,-31,104,89,40,99,-8,-73,-70,-86,-86,-100,12,6,-80,64
Raw,1790863185996
Raw,1790863186996
Nav,16,1537,1,1,4,4,5,-48,0,0,-1,-52,102,-45,-1,125,-92,-65,-1,-27,0,27,50,17,-45,-15,90,-86,-86,-106,40,-102,114,-80
Nav,25,1537,1,1,4,4,5,25,-1,-84,0,31,102,88,0,44,-36,-57,-1,-17,-80,16,0,0,0,0,10,-86,-86,-100,85,90,-110,-80
Nav,32,1537,1,1,4,4,5,-32,-1,-24,-1,-6,102,-45,-1,-41,-71,-57,-1,-27,64,27,63,-119,85,-78,-22,-86,-86,-112,6,-79,-30,-80
Raw,1790863187996
Raw,1790863188996
Nav,16,1537,1,1,6,6,0,0,0,0,0,0,0,18,96,-122,-119,-30,76,37,114,-88,114,66,89,-104,-22,-86,-86,-110,89,58,50,-16
Nav,32,1537,1,1,6,6,0,0,0,0,0,0,0,18,96,-122,-119,-30,76,37,114,-88,125,-105,83,55,-118,-86,-86,-108,-33,114,98,-16
Nav,25,1537,1,1,6,6,0,0,0,0,0,0,0,18,96,-122,-119,-30,76,37,114,-96,0,0,0,0,10,-86,-86,-110,43,112,98,-16
Raw,1790863189996
Raw,1790863190996
Nav,16,1537,1,1,7,7,42,-110,76,2,32,36,127,107,-7,33,7,-1,27,-25,29,86,-94,16,-1,69,92,0,0,24,42,-61,-48,64
Nav,32,1537,1,1,7,7,42,-110,76,2,32,36,127,107,-7,33,7,-1,27,-25,29,86,-96,-128,-11,-89,-118,-86,-86,-106,42,11,-64,64
Nav,25,1537,1,1,7,7,-6,-113,76,2,64,36,126,119,-7,33,7,-1,27,99,-79,80,0,0,0,0,10,-86,-86,-98,-117,66,32,64
Raw,1790863191996
Raw,1790863192996
Nav,16,1537,1,1,8,8,32,106,80,2,-128,10,-86,-86,-86,-86,-86,-86,-86,-86,-86,-82,27,-9,14,-15,4,-97,-125,30,87,-31,-30,-80
Nav,32,1537,1,1,8,8,32,106,80,2,-128,10,-86,-86,-86,-86,-86,-86,-86,-86,-86,-82,29,113,-116,-30,10,-86,-86,-111,118,-96,50,-80
Nav,25,1537,1,1,8,8,-16,106,80,2,-128,10,-86,-86,-86,-86,-86,-86,-86,-86,-86,-96,0,0,0,0,10,-86,-86,-98,93,59,82,-80
Raw,1790863193996
Raw,1790863194996
Nav,16,1537,1,1,17,17,37,-38,26,-7,-124,120,-62,-92,-86,17,-7,-26,13,47,70,109,52,-15,84,120,-105,98,88,23,113,-63,-78,-16
Nav,32,1537,1,1,17,17,98,-5,42,-29,-20,-115,123,-101,-66,-44,20,69,-56,98,70,45,52,-2,-77,-40,-70,-86,-86,-98,63,9,-46,-16
Raw,1790863195996
Raw,1790863196996
Nav,16,1537,1,1,19,19,104,-6,-101,-82,34,-29,45,3,60,-39,-91,112,13,-27,-54,57,-21,42,-47,-112,-11,96,104,21,32,-13,64,64
Nav,32,1537,1,1,19,19,112,-39,27,53,25,-43,-116,27,-66,41,-62,-102,73,-87,-75,105,-30,108,64,48,-6,-86,-86,-110,93,120,64,64
Raw,1790863197996
Raw,1790863198996
Raw,1790863199996
Raw,1790863200996
Raw,1790863201996
Raw,1790863202996
Nav,32,1537,1,1,0,0,-107,85,85,85,85,85,85,85,85,85,85,86,25,-96,-81,57,-112,82,-63,-102,-86,-86,-86,-97,-69,35,-96,64
Raw,1790863203996
Raw,1790863204996
Nav,16,1537,1,1,1,1,5,-39,-76,-82,5,83,-10,0,46,-56,-112,-86,4,-18,-20,60,32,48,-4,-41,71,-128,0,80,96,16,18,-80
Nav,32,1537,1,1,1,1,5,-39,-76,11,-51,74,30,0,34,14,-64,-86,4,-25,-43,-68,33,-112,-4,-41,74,-86,-86,-100,50,103,-94,-80
Raw,1790863205996
